,날짜,종목,종목코드,종가,수익률
0,2013-04-01,DB하이텍,000990,6440.0,
1,2014-04-01,DB하이텍,000990,6640.0,0.3105590062111796
2,2015-04-01,DB하이텍,000990,5880.0,-1.1445783132530118
3,2016-04-01,DB하이텍,000990,18100.0,20.782312925170068
4,2017-04-03,DB하이텍,000990,20350.0,1.2430939226519344
5,2018-04-02,DB하이텍,000990,14150.0,-3.0466830466830466
6,2019-04-01,DB하이텍,000990,13000.0,-0.8127208480565373
7,2020-04-01,DB하이텍,000990,20900.0,6.0769230769230775
8,2021-04-01,DB하이텍,000990,57700.0,17.607655502392344
9,2022-04-01,DB하이텍,000990,73400.0,2.7209705372616977
10,2013-04-01,강원랜드,035250,30400.0,
11,2014-04-01,강원랜드,035250,30850.0,0.14802631578947345
12,2015-04-01,강원랜드,035250,34750.0,1.2641815235008114
13,2016-04-01,강원랜드,035250,41100.0,1.827338129496403
14,2017-04-03,강원랜드,035250,37400.0,-0.9002433090024331
15,2018-04-02,강원랜드,035250,28500.0,-2.379679144385026
16,2019-04-01,강원랜드,035250,31650.0,1.1052631578947358
17,2020-04-01,강원랜드,035250,18450.0,-4.170616113744075
18,2021-04-01,강원랜드,035250,25400.0,3.766937669376693
19,2022-04-01,강원랜드,035250,28000.0,1.023622047244095
20,2013-04-01,녹십자,006280,143569.0,
21,2014-04-01,녹십자,006280,127500.0,-1.1192527634795812
22,2015-04-01,녹십자,006280,173000.0,3.568627450980393
23,2016-04-01,녹십자,006280,178000.0,0.28901734104046284
24,2017-04-03,녹십자,006280,162000.0,-0.898876404494382
25,2018-04-02,녹십자,006280,208000.0,2.8395061728395055
26,2019-04-01,녹십자,006280,144500.0,-3.052884615384616
27,2020-04-01,녹십자,006280,142500.0,-0.1384083044982698
28,2021-04-01,녹십자,006280,352500.0,14.73684210526316
29,2022-04-01,녹십자,006280,199500.0,-4.340425531914893
30,2013-04-01,녹십자홀딩스,005250,17700.0,
31,2014-04-01,녹십자홀딩스,005250,16250.0,-0.8192090395480223
32,2015-04-01,녹십자홀딩스,005250,27450.0,6.892307692307693
33,2016-04-01,녹십자홀딩스,005250,35700.0,3.005464480874316
34,2017-04-03,녹십자홀딩스,005250,29150.0,-1.8347338935574231
35,2018-04-02,녹십자홀딩스,005250,39900.0,3.6878216123499152
36,2019-04-01,녹십자홀딩스,005250,24050.0,-3.9724310776942353
37,2020-04-01,녹십자홀딩스,005250,21000.0,-1.2681912681912677
38,2021-04-01,녹십자홀딩스,005250,34700.0,6.523809523809523
39,2022-04-01,녹십자홀딩스,005250,23450.0,-3.2420749279538907
40,2013-04-01,농심,004370,306500.0,
41,2014-04-01,농심,004370,296500.0,-0.3262642740619903
42,2015-04-01,농심,004370,247000.0,-1.6694772344013487
43,2016-04-01,농심,004370,397500.0,6.093117408906883
44,2017-04-03,농심,004370,310000.0,-2.2012578616352196
45,2018-04-02,농심,004370,314500.0,0.14516129032257963
46,2019-04-01,농심,004370,309000.0,-0.1748807631160576
47,2020-04-01,농심,004370,290000.0,-0.6148867313915862
48,2021-04-01,농심,004370,285000.0,-0.17241379310344862
49,2022-04-01,농심,004370,298500.0,0.47368421052631504
50,2013-04-01,대우건설,047040,9200.0,
51,2014-04-01,대우건설,047040,7820.0,-1.5000000000000002
52,2015-04-01,대우건설,047040,7740.0,-0.10230179028132946
53,2016-04-01,대우건설,047040,6100.0,-2.1188630490956073
54,2017-04-03,대우건설,047040,7170.0,1.754098360655738
55,2018-04-02,대우건설,047040,5220.0,-2.719665271966527
56,2019-04-01,대우건설,047040,5170.0,-0.09578544061302652
57,2020-04-01,대우건설,047040,2760.0,-4.661508704061895
58,2021-04-01,대우건설,047040,6440.0,13.333333333333336
59,2022-04-01,대우건설,047040,6890.0,0.6987577639751552
60,2013-04-01,대웅,003090,5788.0,
61,2014-04-01,대웅,003090,7764.0,3.4139599170698
62,2015-04-01,대웅,003090,9489.0,2.2217928902627504
63,2016-04-01,대웅,003090,13963.0,4.714933080408894
64,2017-04-03,대웅,003090,11014.0,-2.112010312969992
65,2018-04-02,대웅,003090,21200.0,9.248229526057745
66,2019-04-01,대웅,003090,19800.0,-0.6603773584905659
67,2020-04-01,대웅,003090,11200.0,-4.343434343434343
68,2021-04-01,대웅,003090,32500.0,19.017857142857146
69,2022-04-01,대웅,003090,30600.0,-0.5846153846153845
70,2013-04-01,대웅제약,069620,62800.0,
71,2014-04-01,대웅제약,069620,71700.0,1.4171974522292996
72,2015-04-01,대웅제약,069620,59800.0,-1.659693165969317
73,2016-04-01,대웅제약,069620,106000.0,7.725752508361204
74,2017-04-03,대웅제약,069620,88500.0,-1.6509433962264153
75,2018-04-02,대웅제약,069620,199000.0,12.485875706214689
76,2019-04-01,대웅제약,069620,185500.0,-0.6783919597989951
77,2020-04-01,대웅제약,069620,83800.0,-5.482479784366577
78,2021-04-01,대웅제약,069620,131500.0,5.692124105011933
79,2022-04-01,대웅제약,069620,163500.0,2.433460076045628
80,2013-04-01,대한항공,003490,28033.0,
81,2014-04-01,대한항공,003490,22179.0,-2.0882531302393605
82,2015-04-01,대한항공,003490,30907.0,3.9352540691645244
83,2016-04-01,대한항공,003490,18958.0,-3.8661144724496066
84,2017-04-03,대한항공,003490,20166.0,0.6371980166684255
85,2018-04-02,대한항공,003490,22273.0,1.0448279281959727
86,2019-04-01,대한항공,003490,21106.0,-0.5239527679252909
87,2020-04-01,대한항공,003490,12223.0,-4.208755804036767
88,2021-04-01,대한항공,003490,27200.0,12.253129346314324
89,2022-04-01,대한항공,003490,31200.0,1.4705882352941169
90,2016-04-01,더블유게임즈,192080,35950.0,
91,2017-04-03,더블유게임즈,192080,39600.0,1.0152990264255912
92,2018-04-02,더블유게임즈,192080,68600.0,7.323232323232323
93,2019-04-01,더블유게임즈,192080,62400.0,-0.9037900874635574
94,2020-04-01,더블유게임즈,192080,48100.0,-2.291666666666666
95,2021-04-01,더블유게임즈,192080,67500.0,4.033264033264032
96,2022-04-01,더블유게임즈,192080,51300.0,-2.4
97,2013-04-01,동서,026960,14280.0,
98,2014-04-01,동서,026960,15900.0,1.1344537815126055
99,2015-04-01,동서,026960,31800.0,10.0
100,2016-04-01,동서,026960,32600.0,0.2515723270440251
101,2017-04-03,동서,026960,30300.0,-0.7055214723926384
102,2018-04-02,동서,026960,26700.0,-1.188118811881188
103,2019-04-01,동서,026960,20450.0,-2.3408239700374533
104,2020-04-01,동서,026960,15600.0,-2.3716381418092913
105,2021-04-01,동서,026960,32300.0,10.705128205128208
106,2022-04-01,동서,026960,27000.0,-1.6408668730650156
107,2013-04-01,두산,000150,103193.0,
108,2014-04-01,두산,000150,108314.0,0.49625459091217516
109,2015-04-01,두산,000150,85469.0,-2.109145632143583
110,2016-04-01,두산,000150,67509.0,-2.101346687102926
111,2017-04-03,두산,000150,74362.0,1.0151239094046716
112,2018-04-02,두산,000150,80743.0,0.858099566983137
113,2019-04-01,두산,000150,75701.0,-0.624450416754394
114,2020-04-01,두산,000150,35000.0,-5.376547205453033
115,2021-04-01,두산,000150,49350.0,4.1
116,2022-04-01,두산,000150,102500.0,10.77001013171226
117,2013-04-01,보령,003850,3783.0,
118,2014-04-01,보령,003850,5111.0,3.5104414485857793
119,2015-04-01,보령,003850,6344.0,2.4124437487771466
120,2016-04-01,보령,003850,8087.0,2.747477931904161
121,2017-04-03,보령,003850,7824.0,-0.3252133053048101
122,2018-04-02,보령,003850,8623.0,1.0212167689161555
123,2019-04-01,보령,003850,9136.0,0.5949205612895736
124,2020-04-01,보령,003850,8534.0,-0.6589316987740801
125,2021-04-01,보령,003850,17216.0,10.17342395125381
126,2022-04-01,보령,003850,13050.0,-2.4198420074349447
127,2018-04-02,비지에프리테일,282330,169500.0,
128,2019-04-01,비지에프리테일,282330,211000.0,2.448377581120944
129,2020-04-01,비지에프리테일,282330,127500.0,-3.9573459715639814
130,2021-04-01,비지에프리테일,282330,162500.0,2.7450980392156854
131,2022-04-01,비지에프리테일,282330,179500.0,1.0461538461538455
132,2013-04-01,셀트리온,068270,44408.0,
133,2014-04-01,셀트리온,068270,37132.0,-1.6384435236894257
134,2015-04-01,셀트리온,068270,58040.0,5.630722826672412
135,2016-04-01,셀트리온,068270,98502.0,6.971399035148174
136,2017-04-03,셀트리온,068270,80865.0,-1.7905220198574645
137,2018-04-02,셀트리온,068270,264853.0,22.752488715760837
138,2019-04-01,셀트리온,068270,161395.0,-3.9062423306513425
139,2020-04-01,셀트리온,068270,183829.0,1.3900058861798703
140,2021-04-01,셀트리온,068270,306795.0,6.689151330856394
141,2022-04-01,셀트리온,068270,162794.0,-4.693720562590656
142,2013-04-01,신세계,004170,222500.0,
143,2014-04-01,신세계,004170,234000.0,0.5168539325842691
144,2015-04-01,신세계,004170,168000.0,-2.8205128205128203
145,2016-04-01,신세계,004170,203000.0,2.0833333333333326
146,2017-04-03,신세계,004170,198500.0,-0.22167487684729092
147,2018-04-02,신세계,004170,383500.0,9.319899244332495
148,2019-04-01,신세계,004170,326000.0,-1.499348109517601
149,2020-04-01,신세계,004170,210000.0,-3.558282208588958
150,2021-04-01,신세계,004170,279000.0,3.285714285714285
151,2022-04-01,신세계,004170,263000.0,-0.5734767025089604
152,2013-04-01,신세계인터내셔날,031430,15060.0,
153,2014-04-01,신세계인터내셔날,031430,14900.0,-0.10624169986719778
154,2015-04-01,신세계인터내셔날,031430,16840.0,1.302013422818793
155,2016-04-01,신세계인터내셔날,031430,17120.0,0.16627078384798155
156,2017-04-03,신세계인터내셔날,031430,14420.0,-1.5771028037383172
157,2018-04-02,신세계인터내셔날,031430,20800.0,4.424410540915396
158,2019-04-01,신세계인터내셔날,031430,59900.0,18.798076923076927
159,2020-04-01,신세계인터내셔날,031430,36600.0,-3.8898163606010017
160,2021-04-01,신세계인터내셔날,031430,40300.0,1.010928961748634
161,2022-04-01,신세계인터내셔날,031430,33000.0,-1.8114143920595538
162,2013-04-01,아모레퍼시픽,090430,96225.0,
163,2014-04-01,아모레퍼시픽,090430,126533.0,3.149701221096388
164,2015-04-01,아모레퍼시픽,090430,333786.0,16.37936348620518
165,2016-04-01,아모레퍼시픽,090430,390000.0,1.684132947457353
166,2017-04-03,아모레퍼시픽,090430,280000.0,-2.8205128205128203
167,2018-04-02,아모레퍼시픽,090430,333000.0,1.8928571428571428
168,2019-04-01,아모레퍼시픽,090430,195000.0,-4.1441441441441444
169,2020-04-01,아모레퍼시픽,090430,158000.0,-1.8974358974358974
170,2021-04-01,아모레퍼시픽,090430,261000.0,6.518987341772151
171,2022-04-01,아모레퍼시픽,090430,165500.0,-3.6590038314176243
172,2013-04-01,아모레퍼시픽그룹,002790,39958.0,
173,2014-04-01,아모레퍼시픽그룹,002790,50284.0,2.5842134240953007
174,2015-04-01,아모레퍼시픽그룹,002790,145365.0,18.908798027205474
175,2016-04-01,아모레퍼시픽그룹,002790,146163.0,0.054896295531936534
176,2017-04-03,아모레퍼시픽그룹,002790,121719.0,-1.6723794667597136
177,2018-04-02,아모레퍼시픽그룹,002790,149156.0,2.254126307314388
178,2019-04-01,아모레퍼시픽그룹,002790,71136.0,-5.2307651049907475
179,2020-04-01,아모레퍼시픽그룹,002790,50600.0,-2.8868645973909137
180,2021-04-01,아모레퍼시픽그룹,002790,65600.0,2.9644268774703564
181,2022-04-01,아모레퍼시픽그룹,002790,46600.0,-2.8963414634146343
182,2013-04-01,에스원,012750,62400.0,
183,2014-04-01,에스원,012750,86400.0,3.846153846153846
184,2015-04-01,에스원,012750,84300.0,-0.2430555555555558
185,2016-04-01,에스원,012750,89500.0,0.6168446026097274
186,2017-04-03,에스원,012750,89300.0,-0.022346368715083775
187,2018-04-02,에스원,012750,97900.0,0.9630459126539748
188,2019-04-01,에스원,012750,99800.0,0.19407558733401498
189,2020-04-01,에스원,012750,75700.0,-2.414829659318637
190,2021-04-01,에스원,012750,81900.0,0.819022457067371
191,2022-04-01,에스원,012750,70900.0,-1.3431013431013428
192,2022-04-01,에프앤에프,383220,156000.0,
193,2013-04-01,엔씨소프트,036570,158500.0,
194,2014-04-01,엔씨소프트,036570,219500.0,3.848580441640379
195,2015-04-01,엔씨소프트,036570,186000.0,-1.5261958997722092
196,2016-04-01,엔씨소프트,036570,256000.0,3.763440860215055
197,2017-04-03,엔씨소프트,036570,309000.0,2.0703125
198,2018-04-02,엔씨소프트,036570,427000.0,3.818770226537216
199,2019-04-01,엔씨소프트,036570,490500.0,1.4871194379391106
200,2020-04-01,엔씨소프트,036570,618000.0,2.599388379204892
201,2021-04-01,엔씨소프트,036570,875000.0,4.158576051779934
202,2022-04-01,엔씨소프트,036570,467000.0,-4.662857142857143
203,2013-04-01,엘에스,006260,86800.0,
204,2014-04-01,엘에스,006260,76200.0,-1.2211981566820274
205,2015-04-01,엘에스,006260,51900.0,-3.1889763779527556
206,2016-04-01,엘에스,006260,44050.0,-1.5125240847784205
207,2017-04-03,엘에스,006260,63500.0,4.41543700340522
208,2018-04-02,엘에스,006260,71500.0,1.2598425196850394
209,2019-04-01,엘에스,006260,54700.0,-2.3496503496503496
210,2020-04-01,엘에스,006260,29950.0,-4.5246800731261425
211,2021-04-01,엘에스,006260,67700.0,12.604340567612686
212,2022-04-01,엘에스,006260,52300.0,-2.274741506646972
213,2013-04-01,엘엑스인터내셔널,001120,41200.0,
214,2014-04-01,엘엑스인터내셔널,001120,28150.0,-3.16747572815534
215,2015-04-01,엘엑스인터내셔널,001120,37250.0,3.2326820603907636
216,2016-04-01,엘엑스인터내셔널,001120,34950.0,-0.6174496644295302
217,2017-04-03,엘엑스인터내셔널,001120,31350.0,-1.0300429184549353
218,2018-04-02,엘엑스인터내셔널,001120,27250.0,-1.3078149920255189
219,2019-04-01,엘엑스인터내셔널,001120,16650.0,-3.889908256880734
220,2020-04-01,엘엑스인터내셔널,001120,8890.0,-4.66066066066066
221,2021-04-01,엘엑스인터내셔널,001120,31100.0,24.98312710911136
222,2022-04-01,엘엑스인터내셔널,001120,34800.0,1.189710610932475
223,2013-04-01,엘지,003550,60742.0,
224,2014-04-01,엘지,003550,54885.0,-0.9642422047347798
225,2015-04-01,엘지,003550,56113.0,0.22374054841942215
226,2016-04-01,엘지,003550,63387.0,1.2963127973909794
227,2017-04-03,엘지,003550,65276.0,0.2980106330951138
228,2018-04-02,엘지,003550,82280.0,2.6049390281267226
229,2019-04-01,엘지,003550,73117.0,-1.1136363636363633
230,2020-04-01,엘지,003550,52429.0,-2.8294377504547508
231,2021-04-01,엘지,003550,86248.0,6.4504377348414055
232,2022-04-01,엘지,003550,76200.0,-1.165012522029496
233,2013-04-01,엘지생활건강,051900,607000.0,
234,2014-04-01,엘지생활건강,051900,454000.0,-2.5205930807248764
235,2015-04-01,엘지생활건강,051900,840000.0,8.502202643171806
236,2016-04-01,엘지생활건강,051900,971000.0,1.5595238095238084
237,2017-04-03,엘지생활건강,051900,819000.0,-1.5653964984552005
238,2018-04-02,엘지생활건강,051900,1251000.0,5.274725274725274
239,2019-04-01,엘지생활건강,051900,1415000.0,1.310951239008793
240,2020-04-01,엘지생활건강,051900,1071000.0,-2.431095406360424
241,2021-04-01,엘지생활건강,051900,1578000.0,4.73389355742297
242,2022-04-01,엘지생활건강,051900,896000.0,-4.321926489226869
243,2022-04-01,엘지에너지솔루션,373220,428000.0,
244,2013-04-01,엘지유플러스,032640,8030.0,
245,2014-04-01,엘지유플러스,032640,10450.0,3.0136986301369872
246,2015-04-01,엘지유플러스,032640,10750.0,0.28708133971291794
247,2016-04-01,엘지유플러스,032640,11100.0,0.32558139534883734
248,2017-04-03,엘지유플러스,032640,14550.0,3.1081081081081074
249,2018-04-02,엘지유플러스,032640,12250.0,-1.5807560137457044
250,2019-04-01,엘지유플러스,032640,15600.0,2.73469387755102
251,2020-04-01,엘지유플러스,032640,10550.0,-3.237179487179487
252,2021-04-01,엘지유플러스,032640,12250.0,1.6113744075829395
253,2022-04-01,엘지유플러스,032640,14000.0,1.428571428571428
254,2013-04-01,엘지화학,051910,267500.0,
255,2014-04-01,엘지화학,051910,263500.0,-0.1495327102803734
256,2015-04-01,엘지화학,051910,225000.0,-1.4611005692599621
257,2016-04-01,엘지화학,051910,317500.0,4.1111111111111125
258,2017-04-03,엘지화학,051910,293000.0,-0.771653543307087
259,2018-04-02,엘지화학,051910,387500.0,3.225255972696246
260,2019-04-01,엘지화학,051910,370500.0,-0.4387096774193544
261,2020-04-01,엘지화학,051910,292000.0,-2.1187584345479085
262,2021-04-01,엘지화학,051910,819000.0,18.047945205479454
263,2022-04-01,엘지화학,051910,523000.0,-3.6141636141636146
264,2013-04-01,영원무역,111770,41500.0,
265,2014-04-01,영원무역,111770,39000.0,-0.6024096385542166
266,2015-04-01,영원무역,111770,55800.0,4.307692307692308
267,2016-04-01,영원무역,111770,45750.0,-1.8010752688172038
268,2017-04-03,영원무역,111770,32950.0,-2.797814207650273
269,2018-04-02,영원무역,111770,28450.0,-1.3657056145675261
270,2019-04-01,영원무역,111770,33250.0,1.6871704745166949
271,2020-04-01,영원무역,111770,21700.0,-3.4736842105263155
272,2021-04-01,영원무역,111770,39450.0,8.179723502304148
273,2022-04-01,영원무역,111770,47800.0,2.1166032953105196
274,2013-04-01,영풍,000670,1244000.0,
275,2014-04-01,영풍,000670,1186000.0,-0.4662379421221863
276,2015-04-01,영풍,000670,1238000.0,0.4384485666104543
277,2016-04-01,영풍,000670,1058000.0,-1.453957996768982
278,2017-04-03,영풍,000670,953000.0,-0.9924385633270316
279,2018-04-02,영풍,000670,931000.0,-0.23084994753410304
280,2019-04-01,영풍,000670,806000.0,-1.3426423200859294
281,2020-04-01,영풍,000670,460000.0,-4.292803970223326
282,2021-04-01,영풍,000670,582000.0,2.6521739130434785
283,2022-04-01,영풍,000670,682000.0,1.7182130584192445
284,2013-04-01,오뚜기,007310,317000.0,
285,2014-04-01,오뚜기,007310,387000.0,2.208201892744479
286,2015-04-01,오뚜기,007310,603000.0,5.58139534883721
287,2016-04-01,오뚜기,007310,928000.0,5.3897180762852415
288,2017-04-03,오뚜기,007310,759000.0,-1.8211206896551724
289,2018-04-02,오뚜기,007310,737000.0,-0.2898550724637683
290,2019-04-01,오뚜기,007310,759000.0,0.298507462686568
291,2020-04-01,오뚜기,007310,472500.0,-3.7747035573122534
292,2021-04-01,오뚜기,007310,570000.0,2.063492063492063
293,2022-04-01,오뚜기,007310,444500.0,-2.2017543859649127
294,2018-04-02,오리온,271560,132000.0,
295,2019-04-01,오리온,271560,100500.0,-2.3863636363636367
296,2020-04-01,오리온,271560,110000.0,0.945273631840795
297,2021-04-01,오리온,271560,130000.0,1.8181818181818188
298,2022-04-01,오리온,271560,89100.0,-3.1461538461538465
299,2013-04-01,오리온홀딩스,001800,51825.0,
300,2014-04-01,오리온홀딩스,001800,39347.0,-2.407718282682103
301,2015-04-01,오리온홀딩스,001800,59193.0,5.0438406994179985
302,2016-04-01,오리온홀딩스,001800,45095.0,-2.3817005389150747
303,2017-04-03,오리온홀딩스,001800,32667.0,-2.7559596407583986
304,2018-04-02,오리온홀딩스,001800,29500.0,-0.9694799032662937
305,2019-04-01,오리온홀딩스,001800,18800.0,-3.627118644067797
306,2020-04-01,오리온홀딩스,001800,11650.0,-3.8031914893617023
307,2021-04-01,오리온홀딩스,001800,14450.0,2.4034334763948495
308,2022-04-01,오리온홀딩스,001800,14050.0,-0.2768166089965396
309,2013-04-01,유한양행,000100,27991.0,
310,2014-04-01,유한양행,000100,26739.0,-0.4472866278446641
311,2015-04-01,유한양행,000100,29463.0,1.0187366767642758
312,2016-04-01,유한양행,000100,41397.0,4.050504021993686
313,2017-04-03,유한양행,000100,35836.0,-1.3433340580235287
314,2018-04-02,유한양행,000100,35793.0,-0.011999107043196844
315,2019-04-01,유한양행,000100,40507.0,1.3170172938842795
316,2020-04-01,유한양행,000100,39335.0,-0.2893327079270247
317,2021-04-01,유한양행,000100,57768.0,4.686157366213298
318,2022-04-01,유한양행,000100,56439.0,-0.2300581636892396
319,2013-04-01,이마트,139480,216500.0,
320,2014-04-01,이마트,139480,240000.0,1.0854503464203225
321,2015-04-01,이마트,139480,232000.0,-0.33333333333333326
322,2016-04-01,이마트,139480,172500.0,-2.5646551724137936
323,2017-04-03,이마트,139480,210500.0,2.202898550724637
324,2018-04-02,이마트,139480,273500.0,2.992874109263659
325,2019-04-01,이마트,139480,173500.0,-3.6563071297989036
326,2020-04-01,이마트,139480,102500.0,-4.0922190201729105
327,2021-04-01,이마트,139480,168500.0,6.439024390243901
328,2022-04-01,이마트,139480,141500.0,-1.602373887240356
329,2013-04-01,제일기획,030000,24350.0,
330,2014-04-01,제일기획,030000,24100.0,-0.10266940451745366
331,2015-04-01,제일기획,030000,24400.0,0.12448132780082943
332,2016-04-01,제일기획,030000,16950.0,-3.05327868852459
333,2017-04-03,제일기획,030000,18600.0,0.9734513274336276
334,2018-04-02,제일기획,030000,19150.0,0.29569892473118253
335,2019-04-01,제일기획,030000,24650.0,2.8720626631853796
336,2020-04-01,제일기획,030000,15300.0,-3.793103448275862
337,2021-04-01,제일기획,030000,21000.0,3.7254901960784315
338,2022-04-01,제일기획,030000,23700.0,1.2857142857142856
339,2014-04-01,종근당,185750,58927.0,
340,2015-04-01,종근당,185750,50930.0,-1.3571028560761622
341,2016-04-01,종근당,185750,105633.0,10.740820734341252
342,2017-04-03,종근당,185750,87525.0,-1.714237028201414
343,2018-04-02,종근당,185750,101902.0,1.6426163953156236
344,2019-04-01,종근당,185750,87403.0,-1.4228376283095523
345,2020-04-01,종근당,185750,70682.0,-1.9130922279555618
346,2021-04-01,종근당,185750,127595.0,8.051979287513086
347,2022-04-01,종근당,185750,92520.0,-2.748932168188408
348,2020-04-01,지누스,013890,51683.0,
349,2021-04-01,지누스,013890,72340.0,3.9968655070332604
350,2022-04-01,지누스,013890,65316.0,-0.9709704174730438
351,2013-04-01,지에스,078930,64300.0,
352,2014-04-01,지에스,078930,48400.0,-2.4727838258164847
353,2015-04-01,지에스,078930,43000.0,-1.1157024793388426
354,2016-04-01,지에스,078930,57700.0,3.418604651162791
355,2017-04-03,지에스,078930,58100.0,0.06932409012131657
356,2018-04-02,지에스,078930,64000.0,1.0154905335628217
357,2019-04-01,지에스,078930,53100.0,-1.7031249999999998
358,2020-04-01,지에스,078930,35400.0,-3.333333333333334
359,2021-04-01,지에스,078930,39200.0,1.073446327683616
360,2022-04-01,지에스,078930,43950.0,1.2117346938775508
361,2013-04-01,지에스리테일,007070,29100.0,
362,2014-04-01,지에스리테일,007070,27650.0,-0.4982817869415812
363,2015-04-01,지에스리테일,007070,33450.0,2.0976491862567803
364,2016-04-01,지에스리테일,007070,48050.0,4.364723467862481
365,2017-04-03,지에스리테일,007070,53500.0,1.1342351716961496
366,2018-04-02,지에스리테일,007070,33600.0,-3.7196261682242993
367,2019-04-01,지에스리테일,007070,38650.0,1.5029761904761907
368,2020-04-01,지에스리테일,007070,28950.0,-2.5097024579560157
369,2021-04-01,지에스리테일,007070,38250.0,3.212435233160622
370,2022-04-01,지에스리테일,007070,28350.0,-2.5882352941176467
371,2013-04-01,카카오,035720,18646.0,
372,2014-04-01,카카오,035720,15635.0,-1.6148235546497913
373,2015-04-01,카카오,035720,22881.0,4.634473936680525
374,2016-04-01,카카오,035720,20432.0,-1.0703203531314187
375,2017-04-03,카카오,035720,17462.0,-1.4536021926389975
376,2018-04-02,카카오,035720,25892.0,4.827625701523308
377,2019-04-01,카카오,035720,20673.0,-2.0156805190792526
378,2020-04-01,카카오,035720,30207.0,4.611812509069802
379,2021-04-01,카카오,035720,100157.0,23.156884165921806
380,2022-04-01,카카오,035720,106000.0,0.5833840869834361
381,2022-04-01,카카오페이,377300,143500.0,
382,2013-04-01,케이씨씨,002380,263822.0,
383,2014-04-01,케이씨씨,002380,500428.0,8.968395357475874
384,2015-04-01,케이씨씨,002380,478480.0,-0.43858457160670494
385,2016-04-01,케이씨씨,002380,356006.0,-2.559647216184584
386,2017-04-03,케이씨씨,002380,309036.0,-1.3193597860710216
387,2018-04-02,케이씨씨,002380,302891.0,-0.19884414760739877
388,2019-04-01,케이씨씨,002380,274358.0,-0.9420220475352514
389,2020-04-01,케이씨씨,002380,128000.0,-5.334562870410194
390,2021-04-01,케이씨씨,002380,235000.0,8.359375
391,2022-04-01,케이씨씨,002380,337500.0,4.361702127659575
392,2013-04-01,케이티,030200,35150.0,
393,2014-04-01,케이티,030200,29450.0,-1.6216216216216217
394,2015-04-01,케이티,030200,29000.0,-0.15280135823429575
395,2016-04-01,케이티,030200,29650.0,0.22413793103448265
396,2017-04-03,케이티,030200,32700.0,1.0286677908937603
397,2018-04-02,케이티,030200,27400.0,-1.620795107033639
398,2019-04-01,케이티,030200,27250.0,-0.054744525547445466
399,2020-04-01,케이티,030200,19350.0,-2.89908256880734
400,2021-04-01,케이티,030200,28200.0,4.573643410852712
401,2022-04-01,케이티,030200,36500.0,2.943262411347518
402,2013-04-01,케이티앤지,033780,76200.0,
403,2014-04-01,케이티앤지,033780,79200.0,0.3937007874015741
404,2015-04-01,케이티앤지,033780,89900.0,1.3510101010101017
405,2016-04-01,케이티앤지,033780,111500.0,2.4026696329254738
406,2017-04-03,케이티앤지,033780,98600.0,-1.1569506726457401
407,2018-04-02,케이티앤지,033780,100500.0,0.1926977687626774
408,2019-04-01,케이티앤지,033780,105000.0,0.4477611940298498
409,2020-04-01,케이티앤지,033780,71000.0,-3.2380952380952377
410,2021-04-01,케이티앤지,033780,81400.0,1.4647887323943665
411,2022-04-01,케이티앤지,033780,81000.0,-0.049140049140049546
412,2022-04-01,크래프톤,259960,278000.0,
413,2013-04-01,포스코인터내셔널,047050,39400.0,
414,2014-04-01,포스코인터내셔널,047050,38950.0,-0.11421319796954266
415,2015-04-01,포스코인터내셔널,047050,26050.0,-3.3119383825417206
416,2016-04-01,포스코인터내셔널,047050,21450.0,-1.7658349328214973
417,2017-04-03,포스코인터내셔널,047050,23200.0,0.815850815850816
418,2018-04-02,포스코인터내셔널,047050,22900.0,-0.12931034482758674
419,2019-04-01,포스코인터내셔널,047050,18250.0,-2.0305676855895194
420,2020-04-01,포스코인터내셔널,047050,10700.0,-4.136986301369863
421,2021-04-01,포스코인터내셔널,047050,20350.0,9.018691588785046
422,2022-04-01,포스코인터내셔널,047050,21550.0,0.5896805896805901
423,2013-04-01,포스코퓨처엠,003670,11806.0,
424,2014-04-01,포스코퓨처엠,003670,11985.0,0.1516178214467212
425,2015-04-01,포스코퓨처엠,003670,13018.0,0.8619107217355038
426,2016-04-01,포스코퓨처엠,003670,10559.0,-1.8889230296512516
427,2017-04-03,포스코퓨처엠,003670,14595.0,3.822331660195095
428,2018-04-02,포스코퓨처엠,003670,44584.0,20.54744775608085
429,2019-04-01,포스코퓨처엠,003670,56316.0,2.631437286919074
430,2020-04-01,포스코퓨처엠,003670,40172.0,-2.866680872221038
431,2021-04-01,포스코퓨처엠,003670,155500.0,28.70855322114906
432,2022-04-01,포스코퓨처엠,003670,119500.0,-2.315112540192926
433,2013-04-01,풍산,103140,27200.0,
434,2014-04-01,풍산,103140,25950.0,-0.45955882352941124
435,2015-04-01,풍산,103140,25300.0,-0.25048169556840083
436,2016-04-01,풍산,103140,28750.0,1.3636363636363646
437,2017-04-03,풍산,103140,38550.0,3.408695652173912
438,2018-04-02,풍산,103140,39650.0,0.2853437094682221
439,2019-04-01,풍산,103140,30650.0,-2.2698612862547285
440,2020-04-01,풍산,103140,17650.0,-4.241435562805873
441,2021-04-01,풍산,103140,33200.0,8.810198300283286
442,2022-04-01,풍산,103140,33100.0,-0.030120481927711218
443,2013-04-01,하나투어,039130,66034.0,
444,2014-04-01,하나투어,039130,71993.0,0.9024139079867943
445,2015-04-01,하나투어,039130,109894.0,5.264539608017447
446,2016-04-01,하나투어,039130,82152.0,-2.524432635084718
447,2017-04-03,하나투어,039130,80687.0,-0.17832797740773176
448,2018-04-02,하나투어,039130,118198.0,4.6489521236382565
449,2019-04-01,하나투어,039130,71016.0,-3.9917765106008565
450,2020-04-01,하나투어,039130,36241.0,-4.89678382336375
451,2021-04-01,하나투어,039130,65741.0,8.1399519880798
452,2022-04-01,하나투어,039130,85473.0,3.001475487138925
453,2021-04-01,하이브,352820,236610.0,
454,2022-04-01,하이브,352820,323000.0,3.6511559105701363
455,2013-04-01,한샘,009240,21600.0,
456,2014-04-01,한샘,009240,73500.0,24.02777777777778
457,2015-04-01,한샘,009240,192000.0,16.122448979591834
458,2016-04-01,한샘,009240,228000.0,1.875
459,2017-04-03,한샘,009240,224000.0,-0.17543859649122862
460,2018-04-02,한샘,009240,155000.0,-3.0803571428571432
461,2019-04-01,한샘,009240,100500.0,-3.516129032258064
462,2020-04-01,한샘,009240,51000.0,-4.925373134328358
463,2021-04-01,한샘,009240,116500.0,12.84313725490196
464,2022-04-01,한샘,009240,81700.0,-2.987124463519313
465,2013-04-01,한섬,020000,29800.0,
466,2014-04-01,한섬,020000,26450.0,-1.1241610738255037
467,2015-04-01,한섬,020000,32550.0,2.3062381852551983
468,2016-04-01,한섬,020000,39100.0,2.0122887864823347
469,2017-04-03,한섬,020000,29250.0,-2.5191815856777486
470,2018-04-02,한섬,020000,33300.0,1.3846153846153841
471,2019-04-01,한섬,020000,44100.0,3.2432432432432434
472,2020-04-01,한섬,020000,20000.0,-5.464852607709751
473,2021-04-01,한섬,020000,39950.0,9.975000000000001
474,2022-04-01,한섬,020000,35350.0,-1.1514392991239053
475,2013-04-01,한솔케미칼,014680,22950.0,
476,2014-04-01,한솔케미칼,014680,30500.0,3.289760348583879
477,2015-04-01,한솔케미칼,014680,55200.0,8.098360655737704
478,2016-04-01,한솔케미칼,014680,67000.0,2.1376811594202905
479,2017-04-03,한솔케미칼,014680,76300.0,1.3880597014925367
480,2018-04-02,한솔케미칼,014680,68400.0,-1.035386631716907
481,2019-04-01,한솔케미칼,014680,82700.0,2.0906432748538006
482,2020-04-01,한솔케미칼,014680,75500.0,-0.8706166868198306
483,2021-04-01,한솔케미칼,014680,259500.0,24.370860927152318
484,2022-04-01,한솔케미칼,014680,236500.0,-0.8863198458574184
485,2014-04-01,한진칼,180640,22938.0,
486,2015-04-01,한진칼,180640,35556.0,5.5009155113784995
487,2016-04-01,한진칼,180640,20835.0,-4.140229497131286
488,2017-04-03,한진칼,180640,19200.0,-0.784737221022318
489,2018-04-02,한진칼,180640,21500.0,1.1979166666666674
490,2019-04-01,한진칼,180640,25550.0,1.8837209302325575
491,2020-04-01,한진칼,180640,81000.0,21.702544031311156
492,2021-04-01,한진칼,180640,57400.0,-2.9135802469135808
493,2022-04-01,한진칼,180640,62800.0,0.940766550522647
494,2013-04-01,한화,000880,32734.0,
495,2014-04-01,한화,000880,31372.0,-0.41608113887700915
496,2015-04-01,한화,000880,35361.0,1.2715160015300264
497,2016-04-01,한화,000880,34096.0,-0.357738751732134
498,2017-04-03,한화,000880,35750.0,0.48510089160018754
499,2018-04-02,한화,000880,38750.0,0.8391608391608396
500,2019-04-01,한화,000880,30950.0,-2.0129032258064514
501,2020-04-01,한화,000880,15200.0,-5.088852988691438
502,2021-04-01,한화,000880,31650.0,10.822368421052634
503,2022-04-01,한화,000880,31450.0,-0.06319115323854652
504,2013-04-01,현대미포조선,010620,58907.0,
505,2014-04-01,현대미포조선,010620,77205.0,3.106252228088342
506,2015-04-01,현대미포조선,010620,37399.0,-5.155883686289748
507,2016-04-01,현대미포조선,010620,31985.0,-1.4476322896334126
508,2017-04-03,현대미포조선,010620,43616.0,3.636392058777551
509,2018-04-02,현대미포조선,010620,47827.0,0.965471386647101
510,2019-04-01,현대미포조선,010620,59400.0,2.419762895435633
511,2020-04-01,현대미포조선,010620,26550.0,-5.530303030303029
512,2021-04-01,현대미포조선,010620,64200.0,14.180790960451976
513,2022-04-01,현대미포조선,010620,76600.0,1.9314641744548289
514,2013-04-01,현대백화점,069960,164000.0,
515,2014-04-01,현대백화점,069960,144500.0,-1.1890243902439024
516,2015-04-01,현대백화점,069960,149500.0,0.3460207612456756
517,2016-04-01,현대백화점,069960,135500.0,-0.9364548494983282
518,2017-04-03,현대백화점,069960,101500.0,-2.509225092250923
519,2018-04-02,현대백화점,069960,93300.0,-0.8078817733990151
520,2019-04-01,현대백화점,069960,101500.0,0.8788853161843524
521,2020-04-01,현대백화점,069960,56300.0,-4.4532019704433505
522,2021-04-01,현대백화점,069960,88400.0,5.701598579040851
523,2022-04-01,현대백화점,069960,76200.0,-1.380090497737556
524,2013-04-01,현대지에프홀딩스,005440,11361.0,
525,2014-04-01,현대지에프홀딩스,005440,11427.0,0.05809347768682249
526,2015-04-01,현대지에프홀딩스,005440,12810.0,1.2102914150695732
527,2016-04-01,현대지에프홀딩스,005440,12646.0,-0.12802498048399724
528,2017-04-03,현대지에프홀딩스,005440,10406.0,-1.7713110865095683
529,2018-04-02,현대지에프홀딩스,005440,9155.0,-1.2021910436286753
530,2019-04-01,현대지에프홀딩스,005440,9385.0,0.25122883670125606
531,2020-04-01,현대지에프홀딩스,005440,4426.0,-5.283963771976559
532,2021-04-01,현대지에프홀딩스,005440,6817.0,5.402169001355626
533,2022-04-01,현대지에프홀딩스,005440,5934.0,-1.2952911838051928
534,2013-04-01,현대홈쇼핑,057050,139000.0,
535,2014-04-01,현대홈쇼핑,057050,159000.0,1.4388489208633093
536,2015-04-01,현대홈쇼핑,057050,129500.0,-1.8553459119496851
537,2016-04-01,현대홈쇼핑,057050,129500.0,0.0
538,2017-04-03,현대홈쇼핑,057050,126000.0,-0.27027027027026973
539,2018-04-02,현대홈쇼핑,057050,106500.0,-1.5476190476190477
540,2019-04-01,현대홈쇼핑,057050,108000.0,0.14084507042253502
541,2020-04-01,현대홈쇼핑,057050,57400.0,-4.685185185185185
542,2021-04-01,현대홈쇼핑,057050,81300.0,4.16376306620209
543,2022-04-01,현대홈쇼핑,057050,59900.0,-2.6322263222632225
544,2013-04-01,호텔신라,008770,54000.0,
545,2014-04-01,호텔신라,008770,87600.0,6.222222222222222
546,2015-04-01,호텔신라,008770,97700.0,1.1529680365296802
547,2016-04-01,호텔신라,008770,65200.0,-3.3265097236438077
548,2017-04-03,호텔신라,008770,47000.0,-2.7914110429447856
549,2018-04-02,호텔신라,008770,102000.0,11.702127659574465
550,2019-04-01,호텔신라,008770,95700.0,-0.6176470588235294
551,2020-04-01,호텔신라,008770,67600.0,-2.936259143155695
552,2021-04-01,호텔신라,008770,85900.0,2.7071005917159763
553,2022-04-01,호텔신라,008770,83300.0,-0.30267753201396963
554,2017-04-03,화승엔터프라이즈,241590,8950.0,
555,2018-04-02,화승엔터프라이즈,241590,10600.0,1.8435754189944142
556,2019-04-01,화승엔터프라이즈,241590,11850.0,1.1792452830188682
557,2020-04-01,화승엔터프라이즈,241590,10700.0,-0.9704641350210974
558,2021-04-01,화승엔터프라이즈,241590,17950.0,6.775700934579438
559,2022-04-01,화승엔터프라이즈,241590,15100.0,-1.5877437325905297
560,2013-04-01,효성,004800,32608.0,
561,2014-04-01,효성,004800,44917.0,3.774840529931305
562,2015-04-01,효성,004800,50125.0,1.1594719148651955
563,2016-04-01,효성,004800,81667.0,6.292668329177058
564,2017-04-03,효성,004800,82259.0,0.07248950004285604
565,2018-04-02,효성,004800,71015.0,-1.3669021018976646
566,2019-04-01,효성,004800,75500.0,0.6315567133704136
567,2020-04-01,효성,004800,60000.0,-2.0529801324503314
568,2021-04-01,효성,004800,87500.0,4.583333333333332
569,2022-04-01,효성,004800,85500.0,-0.2285714285714291
570,2013-04-01,후성,093370,4642.0,
571,2014-04-01,후성,093370,3853.0,-1.6996984058595432
572,2015-04-01,후성,093370,3212.0,-1.66363872307293
573,2016-04-01,후성,093370,4365.0,3.5896637608966375
574,2017-04-03,후성,093370,7430.0,7.02176403207331
575,2018-04-02,후성,093370,9930.0,3.364737550471064
576,2019-04-01,후성,093370,7650.0,-2.2960725075528696
577,2020-04-01,후성,093370,6070.0,-2.0653594771241837
578,2021-04-01,후성,093370,10550.0,7.380560131795717
579,2022-04-01,후성,093370,19000.0,8.009478672985782
580,2013-04-01,휠라홀딩스,081660,13280.0,
581,2014-04-01,휠라홀딩스,081660,17520.0,3.192771084337349
582,2015-04-01,휠라홀딩스,081660,21200.0,2.100456621004567
583,2016-04-01,휠라홀딩스,081660,18840.0,-1.113207547169811
584,2017-04-03,휠라홀딩스,081660,13940.0,-2.600849256900213
585,2018-04-02,휠라홀딩스,081660,22300.0,5.997130559540889
586,2019-04-01,휠라홀딩스,081660,78400.0,25.15695067264574
587,2020-04-01,휠라홀딩스,081660,28000.0,-6.428571428571428
588,2021-04-01,휠라홀딩스,081660,42150.0,5.053571428571429
589,2022-04-01,휠라홀딩스,081660,31450.0,-2.5385527876631073
590,2018-04-02,HD현대,267250,85200.0,
591,2019-04-01,HD현대,267250,67900.0,-2.0305164319248825
592,2020-04-01,HD현대,267250,38900.0,-4.27098674521355
593,2021-04-01,HD현대,267250,56600.0,4.55012853470437
594,2022-04-01,HD현대,267250,54000.0,-0.4593639575971731
595,2013-04-01,KG스틸,016380,601563.0,
596,2014-04-01,KG스틸,016380,611701.0,0.16852765213286158
597,2015-04-01,KG스틸,016380,225243.0,-6.31775982056593
598,2016-04-01,KG스틸,016380,97087.0,-5.689677370661908
599,2017-04-03,KG스틸,016380,41500.0,-5.725483329384984
600,2018-04-02,KG스틸,016380,37000.0,-1.0843373493975905
601,2019-04-01,KG스틸,016380,26100.0,-2.9459459459459456
602,2020-04-01,KG스틸,016380,6830.0,-7.383141762452108
603,2021-04-01,KG스틸,016380,14550.0,11.30307467057101
604,2022-04-01,KG스틸,016380,11050.0,-2.405498281786942
605,2013-04-01,LG이노텍,011070,79100.0,
606,2014-04-01,LG이노텍,011070,104500.0,3.211125158027812
607,2015-04-01,LG이노텍,011070,112500.0,0.7655502392344493
608,2016-04-01,LG이노텍,011070,78200.0,-3.0488888888888885
609,2017-04-03,LG이노텍,011070,135500.0,7.327365728900254
610,2018-04-02,LG이노텍,011070,123500.0,-0.8856088560885611
611,2019-04-01,LG이노텍,011070,117500.0,-0.4858299595141702
612,2020-04-01,LG이노텍,011070,108500.0,-0.7659574468085106
613,2021-04-01,LG이노텍,011070,209000.0,9.26267281105991
614,2022-04-01,LG이노텍,011070,384500.0,8.397129186602871
615,2013-04-01,LS일렉트릭,010120,60500.0,
616,2014-04-01,LS일렉트릭,010120,67600.0,1.1735537190082646
617,2015-04-01,LS일렉트릭,010120,63500.0,-0.6065088757396453
618,2016-04-01,LS일렉트릭,010120,45950.0,-2.7637795275590546
619,2017-04-03,LS일렉트릭,010120,46550.0,0.13057671381936808
620,2018-04-02,LS일렉트릭,010120,59000.0,2.6745435016111707
621,2019-04-01,LS일렉트릭,010120,48650.0,-1.7542372881355928
622,2020-04-01,LS일렉트릭,010120,34650.0,-2.8776978417266186
623,2021-04-01,LS일렉트릭,010120,61200.0,7.662337662337661
624,2022-04-01,LS일렉트릭,010120,44300.0,-2.761437908496732
625,2013-04-01,OCI,010060,159500.0,
626,2014-04-01,OCI,010060,181000.0,1.3479623824451403
627,2015-04-01,OCI,010060,98500.0,-4.558011049723757
628,2016-04-01,OCI,010060,100000.0,0.1522842639593902
629,2017-04-03,OCI,010060,85000.0,-1.5000000000000002
630,2018-04-02,OCI,010060,157000.0,8.47058823529412
631,2019-04-01,OCI,010060,96600.0,-3.8471337579617835
632,2020-04-01,OCI,010060,33450.0,-6.537267080745341
633,2021-04-01,OCI,010060,119000.0,25.575485799701045
634,2022-04-01,OCI,010060,105000.0,-1.1764705882352944
635,2013-04-01,SK이노베이션,096770,161000.0,
636,2014-04-01,SK이노베이션,096770,122500.0,-2.3913043478260865
637,2015-04-01,SK이노베이션,096770,98500.0,-1.959183673469388
638,2016-04-01,SK이노베이션,096770,168500.0,7.106598984771573
639,2017-04-03,SK이노베이션,096770,166000.0,-0.14836795252225476
640,2018-04-02,SK이노베이션,096770,214000.0,2.8915662650602414
641,2019-04-01,SK이노베이션,096770,181500.0,-1.5186915887850472
642,2020-04-01,SK이노베이션,096770,82500.0,-5.454545454545454
643,2021-04-01,SK이노베이션,096770,241500.0,19.272727272727273
644,2022-04-01,SK이노베이션,096770,215000.0,-1.097308488612836
645,2013-04-01,고려아연,010130,360500.0,
646,2014-04-01,고려아연,010130,335000.0,-0.7073509015256585
647,2015-04-01,고려아연,010130,426500.0,2.7313432835820906
648,2016-04-01,고려아연,010130,473500.0,1.1019929660023453
649,2017-04-03,고려아연,010130,418500.0,-1.1615628299894398
650,2018-04-02,고려아연,010130,471000.0,1.2544802867383509
651,2019-04-01,고려아연,010130,469500.0,-0.031847133757961776
652,2020-04-01,고려아연,010130,345500.0,-2.6411075612353563
653,2021-04-01,고려아연,010130,405000.0,1.7221418234442831
654,2022-04-01,고려아연,010130,590000.0,4.567901234567902
655,2013-04-01,그랜드코리아레저,114090,30000.0,
656,2014-04-01,그랜드코리아레저,114090,45000.0,5.0
657,2015-04-01,그랜드코리아레저,114090,37500.0,-1.6666666666666663
658,2016-04-01,그랜드코리아레저,114090,22200.0,-4.08
659,2017-04-03,그랜드코리아레저,114090,22150.0,-0.022522522522522292
660,2018-04-02,그랜드코리아레저,114090,27200.0,2.279909706546275
661,2019-04-01,그랜드코리아레저,114090,22600.0,-1.6911764705882348
662,2020-04-01,그랜드코리아레저,114090,12700.0,-4.380530973451328
663,2021-04-01,그랜드코리아레저,114090,16550.0,3.031496062992125
664,2022-04-01,그랜드코리아레저,114090,15250.0,-0.785498489425982
665,2013-04-01,금호석유화학,011780,106000.0,
666,2014-04-01,금호석유화학,011780,88200.0,-1.6792452830188676
667,2015-04-01,금호석유화학,011780,77600.0,-1.201814058956916
668,2016-04-01,금호석유화학,011780,56600.0,-2.7061855670103094
669,2017-04-03,금호석유화학,011780,78700.0,3.904593639575973
670,2018-04-02,금호석유화학,011780,95800.0,2.1728081321473947
671,2019-04-01,금호석유화학,011780,98500.0,0.28183716075156573
672,2020-04-01,금호석유화학,011780,61500.0,-3.7563451776649748
673,2021-04-01,금호석유화학,011780,266500.0,33.33333333333333
674,2022-04-01,금호석유화학,011780,155000.0,-4.183864915572233
675,2013-04-01,금호타이어,073240,12600.0,
676,2014-04-01,금호타이어,073240,13000.0,0.31746031746031855
677,2015-04-01,금호타이어,073240,9140.0,-2.9692307692307693
678,2016-04-01,금호타이어,073240,8370.0,-0.8424507658643321
679,2017-04-03,금호타이어,073240,8510.0,0.16726403823178027
680,2018-04-02,금호타이어,073240,5990.0,-2.9612220916568743
681,2019-04-01,금호타이어,073240,4385.0,-2.6794657762938234
682,2020-04-01,금호타이어,073240,3060.0,-3.021664766248575
683,2021-04-01,금호타이어,073240,3805.0,2.4346405228758172
684,2022-04-01,금호타이어,073240,4170.0,0.9592641261498036
685,2013-04-01,기아,000270,55100.0,
686,2014-04-01,기아,000270,59700.0,0.8348457350272231
687,2015-04-01,기아,000270,44250.0,-2.5879396984924616
688,2016-04-01,기아,000270,47050.0,0.6327683615819213
689,2017-04-03,기아,000270,36850.0,-2.1679064824654626
690,2018-04-02,기아,000270,31200.0,-1.5332428765264583
691,2019-04-01,기아,000270,35450.0,1.3621794871794868
692,2020-04-01,기아,000270,25550.0,-2.7926657263751764
693,2021-04-01,기아,000270,83500.0,22.68101761252446
694,2022-04-01,기아,000270,74200.0,-1.1137724550898198
695,2013-04-01,네이버,035420,92287.0,
696,2014-04-01,네이버,035420,156221.0,6.927736300887448
697,2015-04-01,네이버,035420,133589.0,-1.4487168818532725
698,2016-04-01,네이버,035420,125778.0,-0.5847038304051977
699,2017-04-03,네이버,035420,174848.0,3.9013181955508913
700,2018-04-02,네이버,035420,157223.0,-1.0080183931185949
701,2019-04-01,네이버,035420,124000.0,-2.113113221348022
702,2020-04-01,네이버,035420,163000.0,3.14516129032258
703,2021-04-01,네이버,035420,378500.0,13.220858895705522
704,2022-04-01,네이버,035420,335500.0,-1.1360634081902243
705,2018-04-02,넷마블,251270,157500.0,
706,2019-04-01,넷마블,251270,123500.0,-2.158730158730159
707,2020-04-01,넷마블,251270,93800.0,-2.4048582995951415
708,2021-04-01,넷마블,251270,125500.0,3.379530916844349
709,2022-04-01,넷마블,251270,108000.0,-1.394422310756972
710,2013-04-01,대상,001680,36200.0,
711,2014-04-01,대상,001680,42400.0,1.712707182320441
712,2015-04-01,대상,001680,42900.0,0.11792452830188704
713,2016-04-01,대상,001680,28950.0,-3.251748251748252
714,2017-04-03,대상,001680,25100.0,-1.3298791018998268
715,2018-04-02,대상,001680,25900.0,0.31872509960159334
716,2019-04-01,대상,001680,28200.0,0.8880308880308885
717,2020-04-01,대상,001680,17450.0,-3.8120567375886525
718,2021-04-01,대상,001680,25400.0,4.555873925501432
719,2022-04-01,대상,001680,23000.0,-0.9448818897637801
720,2013-04-01,대우조선해양,042660,137000.0,
721,2014-04-01,대우조선해양,042660,164000.0,1.9708029197080301
722,2015-04-01,대우조선해양,042660,89250.0,-4.557926829268293
723,2016-04-01,대우조선해양,042660,25150.0,-7.182072829131653
724,2017-04-03,대우조선해양,042660,22400.0,-1.093439363817097
725,2018-04-02,대우조선해양,042660,26600.0,1.875
726,2019-04-01,대우조선해양,042660,29300.0,1.015037593984962
727,2020-04-01,대우조선해양,042660,13200.0,-5.494880546075085
728,2021-04-01,대우조선해양,042660,27400.0,10.757575757575758
729,2022-04-01,대우조선해양,042660,24250.0,-1.1496350364963503
730,2013-04-01,대한유화,006650,45200.0,
731,2014-04-01,대한유화,006650,79300.0,7.544247787610619
732,2015-04-01,대한유화,006650,112000.0,4.123581336696091
733,2016-04-01,대한유화,006650,258000.0,13.035714285714285
734,2017-04-03,대한유화,006650,242500.0,-0.6007751937984496
735,2018-04-02,대한유화,006650,292000.0,2.0412371134020613
736,2019-04-01,대한유화,006650,162500.0,-4.434931506849315
737,2020-04-01,대한유화,006650,89900.0,-4.4676923076923085
738,2021-04-01,대한유화,006650,322000.0,25.81757508342603
739,2022-04-01,대한유화,006650,166000.0,-4.844720496894411
740,2013-04-01,대한전선,001440,70550.0,
741,2014-04-01,대한전선,001440,49960.0,-2.9184975194897236
742,2015-04-01,대한전선,001440,28550.0,-4.285428342674139
743,2016-04-01,대한전선,001440,37120.0,3.001751313485115
744,2017-04-03,대한전선,001440,16320.0,-5.6034482758620685
745,2018-04-02,대한전선,001440,12470.0,-2.3590686274509807
746,2019-04-01,대한전선,001440,10420.0,-1.6439454691259026
747,2020-04-01,대한전선,001440,4770.0,-5.422264875239923
748,2021-04-01,대한전선,001440,10850.0,12.746331236897275
749,2022-04-01,대한전선,001440,18550.0,7.096774193548388
750,2013-04-01,동국제강,001230,11110.0,
751,2014-04-01,동국제강,001230,11246.0,0.12241224122412131
752,2015-04-01,동국제강,001230,5910.0,-4.744798150453494
753,2016-04-01,동국제강,001230,6970.0,1.7935702199661585
754,2017-04-03,동국제강,001230,12100.0,7.3601147776183655
755,2018-04-02,동국제강,001230,9990.0,-1.7438016528925615
756,2019-04-01,동국제강,001230,7660.0,-2.332332332332332
757,2020-04-01,동국제강,001230,3585.0,-5.319843342036554
758,2021-04-01,동국제강,001230,13200.0,26.820083682008367
759,2022-04-01,동국제강,001230,16550.0,2.537878787878789
760,2013-04-01,동원산업,006040,60600.0,
761,2014-04-01,동원산업,006040,63700.0,0.5115511551155105
762,2015-04-01,동원산업,006040,65200.0,0.23547880690737877
763,2016-04-01,동원산업,006040,57400.0,-1.1963190184049077
764,2017-04-03,동원산업,006040,67900.0,1.8292682926829262
765,2018-04-02,동원산업,006040,63300.0,-0.6774668630338732
766,2019-04-01,동원산업,006040,47600.0,-2.4802527646129544
767,2020-04-01,동원산업,006040,36800.0,-2.26890756302521
768,2021-04-01,동원산업,006040,52200.0,4.184782608695652
769,2022-04-01,동원산업,006040,49300.0,-0.5555555555555558
770,2013-04-01,동원시스템즈,014820,9350.0,
771,2014-04-01,동원시스템즈,014820,9300.0,-0.05347593582887722
772,2015-04-01,동원시스템즈,014820,37700.0,30.537634408602152
773,2016-04-01,동원시스템즈,014820,74900.0,9.867374005305042
774,2017-04-03,동원시스템즈,014820,60200.0,-1.9626168224299068
775,2018-04-02,동원시스템즈,014820,46050.0,-2.3504983388704312
776,2019-04-01,동원시스템즈,014820,34700.0,-2.46471226927253
777,2020-04-01,동원시스템즈,014820,20200.0,-4.178674351585014
778,2021-04-01,동원시스템즈,014820,49050.0,14.282178217821784
779,2022-04-01,동원시스템즈,014820,57300.0,1.6819571865443428
780,2017-04-03,두산밥캣,241560,36350.0,
781,2018-04-02,두산밥캣,241560,31000.0,-1.471801925722146
782,2019-04-01,두산밥캣,241560,31150.0,0.04838709677419395
783,2020-04-01,두산밥캣,241560,21000.0,-3.2584269662921352
784,2021-04-01,두산밥캣,241560,40500.0,9.285714285714286
785,2022-04-01,두산밥캣,241560,38700.0,-0.444444444444444
786,2013-04-01,두산에너빌리티,034020,34428.0,
787,2014-04-01,두산에너빌리티,034020,26854.0,-2.199953526199605
788,2015-04-01,두산에너빌리티,034020,20694.0,-2.2938854546808676
789,2016-04-01,두산에너빌리티,034020,15952.0,-2.291485454721175
790,2017-04-03,두산에너빌리티,034020,18284.0,1.4618856569709138
791,2018-04-02,두산에너빌리티,034020,11705.0,-3.598227958871144
792,2019-04-01,두산에너빌리티,034020,6286.0,-4.62964545066211
793,2020-04-01,두산에너빌리티,034020,3178.0,-4.944320712694878
794,2021-04-01,두산에너빌리티,034020,12210.0,28.42039018250472
795,2022-04-01,두산에너빌리티,034020,20300.0,6.625716625716627
796,2020-04-01,두산퓨얼셀,336260,5191.0,
797,2021-04-01,두산퓨얼셀,336260,51500.0,89.21017145058755
798,2022-04-01,두산퓨얼셀,336260,40200.0,-2.194174757281553
799,2013-04-01,디엘,000210,82861.0,
800,2014-04-01,디엘,000210,77892.0,-0.5996789804612546
801,2015-04-01,디엘,000210,57560.0,-2.6102809017614135
802,2016-04-01,디엘,000210,79066.0,3.736275191104934
803,2017-04-03,디엘,000210,73283.0,-0.7314142615030483
804,2018-04-02,디엘,000210,66235.0,-0.9617510200182855
805,2019-04-01,디엘,000210,88735.0,3.3969955461613943
806,2020-04-01,디엘,000210,61536.0,-3.0651941173156025
807,2021-04-01,디엘,000210,85700.0,3.926807072282892
808,2022-04-01,디엘,000210,61600.0,-2.8121353558926487
809,2021-04-01,디엘이앤씨,375500,59843.0,
810,2022-04-01,디엘이앤씨,375500,66853.0,1.171398492722624
811,2013-04-01,롯데관광개발,032350,5731.0,
812,2014-04-01,롯데관광개발,032350,11643.0,10.315826208340603
813,2015-04-01,롯데관광개발,032350,10467.0,-1.0100489564545223
814,2016-04-01,롯데관광개발,032350,7662.0,-2.679850960160505
815,2017-04-03,롯데관광개발,032350,6678.0,-1.284259984338293
816,2018-04-02,롯데관광개발,032350,18324.0,17.43935309973046
817,2019-04-01,롯데관광개발,032350,12700.0,-3.0691988648766646
818,2020-04-01,롯데관광개발,032350,8390.0,-3.3937007874015745
819,2021-04-01,롯데관광개발,032350,19500.0,13.241954707985698
820,2022-04-01,롯데관광개발,032350,18200.0,-0.6666666666666665
821,2013-04-01,롯데쇼핑,023530,373152.0,
822,2014-04-01,롯데쇼핑,023530,304848.0,-1.8304605093902748
823,2015-04-01,롯데쇼핑,023530,214998.0,-2.9473704928357733
824,2016-04-01,롯데쇼핑,023530,235168.0,0.938148261844296
825,2017-04-03,롯데쇼핑,023530,201704.0,-1.4229827187372435
826,2018-04-02,롯데쇼핑,023530,250000.0,2.394399714433031
827,2019-04-01,롯데쇼핑,023530,178500.0,-2.8600000000000003
828,2020-04-01,롯데쇼핑,023530,71200.0,-6.011204481792717
829,2021-04-01,롯데쇼핑,023530,125500.0,7.626404494382022
830,2022-04-01,롯데쇼핑,023530,97500.0,-2.2310756972111556
831,2013-04-01,롯데에너지머티리얼즈,020150,10844.0,
832,2014-04-01,롯데에너지머티리얼즈,020150,12005.0,1.070638140907414
833,2015-04-01,롯데에너지머티리얼즈,020150,8326.0,-3.064556434818826
834,2016-04-01,롯데에너지머티리얼즈,020150,11957.0,4.3610377131876055
835,2017-04-03,롯데에너지머티리얼즈,020150,16410.0,3.7241783055950495
836,2018-04-02,롯데에너지머티리얼즈,020150,37300.0,12.730042656916517
837,2019-04-01,롯데에너지머티리얼즈,020150,37400.0,0.02680965147453085
838,2020-04-01,롯데에너지머티리얼즈,020150,30850.0,-1.7513368983957223
839,2021-04-01,롯데에너지머티리얼즈,020150,69200.0,12.431118314424637
840,2022-04-01,롯데에너지머티리얼즈,020150,95500.0,3.8005780346820806
841,2018-04-02,롯데웰푸드,280360,175000.0,
842,2019-04-01,롯데웰푸드,280360,187000.0,0.685714285714285
843,2020-04-01,롯데웰푸드,280360,107000.0,-4.278074866310161
844,2021-04-01,롯데웰푸드,280360,134500.0,2.570093457943925
845,2022-04-01,롯데웰푸드,280360,118500.0,-1.189591078066915
846,2013-04-01,롯데정밀화학,004000,55400.0,
847,2014-04-01,롯데정밀화학,004000,47650.0,-1.3989169675090252
848,2015-04-01,롯데정밀화학,004000,40250.0,-1.5529905561385104
849,2016-04-01,롯데정밀화학,004000,40150.0,-0.0248447204968949
850,2017-04-03,롯데정밀화학,004000,39650.0,-0.12453300124533051
851,2018-04-02,롯데정밀화학,004000,71900.0,8.133669609079446
852,2019-04-01,롯데정밀화학,004000,47250.0,-3.4283727399165507
853,2020-04-01,롯데정밀화학,004000,29450.0,-3.7671957671957665
854,2021-04-01,롯데정밀화학,004000,57800.0,9.626485568760613
855,2022-04-01,롯데정밀화학,004000,82800.0,4.325259515570934
856,2013-04-01,롯데지주,004990,70186.0,
857,2014-04-01,롯데지주,004990,70302.0,0.016527512609352257
858,2015-04-01,롯데지주,004990,68874.0,-0.20312366646752622
859,2016-04-01,롯데지주,004990,98508.0,4.302639602752853
860,2017-04-03,롯데지주,004990,75181.0,-2.368031022861088
861,2018-04-02,롯데지주,004990,66600.0,-1.1413788058152996
862,2019-04-01,롯데지주,004990,49450.0,-2.575075075075075
863,2020-04-01,롯데지주,004990,23150.0,-5.31850353892821
864,2021-04-01,롯데지주,004990,33600.0,4.51403887688985
865,2022-04-01,롯데지주,004990,32600.0,-0.29761904761904767
866,2013-04-01,롯데칠성음료,005300,149914.0,
867,2014-04-01,롯데칠성음료,005300,149313.0,-0.04008965140013587
868,2015-04-01,롯데칠성음료,005300,179216.0,2.002705725556382
869,2016-04-01,롯데칠성음료,005300,181416.0,0.12275689670565137
870,2017-04-03,롯데칠성음료,005300,142313.0,-2.155432817392071
871,2018-04-02,롯데칠성음료,005300,154857.0,0.8814373950376986
872,2019-04-01,롯데칠성음료,005300,176908.0,1.4239588781908474
873,2020-04-01,롯데칠성음료,005300,87600.0,-5.0482736789743825
874,2021-04-01,롯데칠성음료,005300,134000.0,5.296803652968036
875,2022-04-01,롯데칠성음료,005300,181500.0,3.544776119402986
876,2013-04-01,롯데케미칼,011170,188120.0,
877,2014-04-01,롯데케미칼,011170,184310.0,-0.20253029980863313
878,2015-04-01,롯데케미칼,011170,197645.0,0.7235093049753138
879,2016-04-01,롯데케미칼,011170,320042.0,6.192769865162287
880,2017-04-03,롯데케미칼,011170,350999.0,0.9672792945925845
881,2018-04-02,롯데케미칼,011170,409102.0,1.6553608414838794
882,2019-04-01,롯데케미칼,011170,286705.0,-2.9918455544094136
883,2020-04-01,롯데케미칼,011170,174309.0,-3.9202664759944894
884,2021-04-01,롯데케미칼,011170,287181.0,6.475397139562502
885,2022-04-01,롯데케미칼,011170,196216.0,-3.1675145639857796
886,2021-04-01,명신산업,009900,25650.0,
887,2022-04-01,명신산업,009900,22700.0,-1.15009746588694
888,2013-04-01,삼성SDI,006400,139000.0,
889,2014-04-01,삼성SDI,006400,156500.0,1.2589928057553967
890,2015-04-01,삼성SDI,006400,133000.0,-1.5015974440894564
891,2016-04-01,삼성SDI,006400,97700.0,-2.6541353383458643
892,2017-04-03,삼성SDI,006400,138000.0,4.124872057318321
893,2018-04-02,삼성SDI,006400,199500.0,4.456521739130435
894,2019-04-01,삼성SDI,006400,216500.0,0.8521303258145374
895,2020-04-01,삼성SDI,006400,231000.0,0.6697459584295617
896,2021-04-01,삼성SDI,006400,667000.0,18.874458874458874
897,2022-04-01,삼성SDI,006400,587000.0,-1.1994002998500752
898,2015-04-01,삼성물산,028260,146500.0,
899,2016-04-01,삼성물산,028260,140000.0,-0.4436860068259385
900,2017-04-03,삼성물산,028260,127500.0,-0.892857142857143
901,2018-04-02,삼성물산,028260,140500.0,1.0196078431372557
902,2019-04-01,삼성물산,028260,108000.0,-2.313167259786477
903,2020-04-01,삼성물산,028260,84900.0,-2.1388888888888893
904,2021-04-01,삼성물산,028260,124500.0,4.664310954063604
905,2022-04-01,삼성물산,028260,112500.0,-0.9638554216867468
906,2017-04-03,삼성바이오로직스,207940,173940.0,
907,2018-04-02,삼성바이오로직스,207940,480312.0,17.613659882718178
908,2019-04-01,삼성바이오로직스,207940,323667.0,-3.261317643531705
909,2020-04-01,삼성바이오로직스,207940,447204.0,3.8167931855888915
910,2021-04-01,삼성바이오로직스,207940,738258.0,6.508304934660691
911,2022-04-01,삼성바이오로직스,207940,820000.0,1.1072280964107395
912,2015-04-01,삼성에스디에스,018260,263500.0,
913,2016-04-01,삼성에스디에스,018260,174000.0,-3.3965844402277034
914,2017-04-03,삼성에스디에스,018260,136000.0,-2.1839080459770113
915,2018-04-02,삼성에스디에스,018260,250500.0,8.419117647058822
916,2019-04-01,삼성에스디에스,018260,233000.0,-0.6986027944111772
917,2020-04-01,삼성에스디에스,018260,141000.0,-3.948497854077253
918,2021-04-01,삼성에스디에스,018260,191000.0,3.5460992907801425
919,2022-04-01,삼성에스디에스,018260,139500.0,-2.696335078534031
920,2013-04-01,삼성엔지니어링,028050,81039.0,
921,2014-04-01,삼성엔지니어링,028050,45070.0,-4.438480237910142
922,2015-04-01,삼성엔지니어링,028050,23657.0,-4.751053916130463
923,2016-04-01,삼성엔지니어링,028050,10550.0,-5.540432007439659
924,2017-04-03,삼성엔지니어링,028050,12600.0,1.943127962085307
925,2018-04-02,삼성엔지니어링,028050,17650.0,4.007936507936507
926,2019-04-01,삼성엔지니어링,028050,16400.0,-0.7082152974504252
927,2020-04-01,삼성엔지니어링,028050,9870.0,-3.981707317073171
928,2021-04-01,삼성엔지니어링,028050,13900.0,4.08308004052685
929,2022-04-01,삼성엔지니어링,028050,25800.0,8.56115107913669
930,2013-04-01,삼성전기,009150,98900.0,
931,2014-04-01,삼성전기,009150,69000.0,-3.0232558139534884
932,2015-04-01,삼성전기,009150,72700.0,0.5362318840579716
933,2016-04-01,삼성전기,009150,56200.0,-2.269601100412655
934,2017-04-03,삼성전기,009150,69000.0,2.2775800711743766
935,2018-04-02,삼성전기,009150,103000.0,4.927536231884058
936,2019-04-01,삼성전기,009150,107500.0,0.43689320388349495
937,2020-04-01,삼성전기,009150,95500.0,-1.1162790697674418
938,2021-04-01,삼성전기,009150,192000.0,10.104712041884817
939,2022-04-01,삼성전기,009150,161500.0,-1.5885416666666663
940,2013-04-01,삼성전자,005930,30240.0,
941,2014-04-01,삼성전자,005930,26780.0,-1.1441798941798942
942,2015-04-01,삼성전자,005930,28460.0,0.6273338312173271
943,2016-04-01,삼성전자,005930,25580.0,-1.0119465917076598
944,2017-04-03,삼성전자,005930,41440.0,6.200156372165755
945,2018-04-02,삼성전자,005930,48540.0,1.7133204633204624
946,2019-04-01,삼성전자,005930,45050.0,-0.7189946435929129
947,2020-04-01,삼성전자,005930,45800.0,0.16648168701442811
948,2021-04-01,삼성전자,005930,82900.0,8.100436681222707
949,2022-04-01,삼성전자,005930,69100.0,-1.664656212303981
950,2013-04-01,삼성중공업,010140,25232.0,
951,2014-04-01,삼성중공업,010140,22845.0,-0.9460209258084973
952,2015-04-01,삼성중공업,010140,13375.0,-4.145327205077698
953,2016-04-01,삼성중공업,010140,7953.0,-4.053831775700934
954,2017-04-03,삼성중공업,010140,9080.0,1.417075317490255
955,2018-04-02,삼성중공업,010140,7155.0,-2.1200440528634354
956,2019-04-01,삼성중공업,010140,8005.0,1.1879804332634514
957,2020-04-01,삼성중공업,010140,3615.0,-5.484072454715802
958,2021-04-01,삼성중공업,010140,7098.0,9.634854771784232
959,2022-04-01,삼성중공업,010140,5630.0,-2.068188222034376
960,2013-04-01,세방전지,004490,48850.0,
961,2014-04-01,세방전지,004490,49350.0,0.10235414534288667
962,2015-04-01,세방전지,004490,50200.0,0.17223910840932222
963,2016-04-01,세방전지,004490,42650.0,-1.5039840637450197
964,2017-04-03,세방전지,004490,37200.0,-1.2778429073856978
965,2018-04-02,세방전지,004490,33250.0,-1.0618279569892475
966,2019-04-01,세방전지,004490,47000.0,4.13533834586466
967,2020-04-01,세방전지,004490,25700.0,-4.531914893617022
968,2021-04-01,세방전지,004490,81000.0,21.517509727626457
969,2022-04-01,세방전지,004490,66700.0,-1.7654320987654326
970,2013-04-01,신풍제약,019170,4918.0,
971,2014-04-01,신풍제약,019170,4654.0,-0.5368035786905245
972,2015-04-01,신풍제약,019170,5300.0,1.3880532874946283
973,2016-04-01,신풍제약,019170,5070.0,-0.4339622641509433
974,2017-04-03,신풍제약,019170,5980.0,1.7948717948717952
975,2018-04-02,신풍제약,019170,8850.0,4.79933110367893
976,2019-04-01,신풍제약,019170,7740.0,-1.2542372881355934
977,2020-04-01,신풍제약,019170,12150.0,5.697674418604651
978,2021-04-01,신풍제약,019170,82900.0,58.230452674897116
979,2022-04-01,신풍제약,019170,37700.0,-5.452352231604342
980,2013-04-01,쌍용씨앤이,003410,1701.0,
981,2014-04-01,쌍용씨앤이,003410,1935.0,1.3756613756613767
982,2015-04-01,쌍용씨앤이,003410,3641.0,8.816537467700257
983,2016-04-01,쌍용씨앤이,003410,4183.0,1.488602032408679
984,2017-04-03,쌍용씨앤이,003410,3122.0,-2.5364570882142
985,2018-04-02,쌍용씨앤이,003410,5193.0,6.633568225496475
986,2019-04-01,쌍용씨앤이,003410,6978.0,3.4373194685153097
987,2020-04-01,쌍용씨앤이,003410,4820.0,-3.092576669532817
988,2021-04-01,쌍용씨앤이,003410,7510.0,5.580912863070539
989,2022-04-01,쌍용씨앤이,003410,8150.0,0.852197070572569
990,2015-04-01,씨에스윈드,112610,16346.0,
991,2016-04-01,씨에스윈드,112610,9609.0,-4.121497614095192
992,2017-04-03,씨에스윈드,112610,8826.0,-0.8148610677489854
993,2018-04-02,씨에스윈드,112610,16228.0,8.386585089508271
994,2019-04-01,씨에스윈드,112610,18173.0,1.1985457234409669
995,2020-04-01,씨에스윈드,112610,12692.0,-3.0160127661916025
996,2021-04-01,씨에스윈드,112610,74400.0,48.61960289946423
997,2022-04-01,씨에스윈드,112610,62000.0,-1.6666666666666663
998,2013-04-01,씨제이,001040,140973.0,
999,2014-04-01,씨제이,001040,128243.0,-0.90300979620211
1000,2015-04-01,씨제이,001040,163605.0,2.7574214577013945
1001,2016-04-01,씨제이,001040,186707.0,1.4120595336328345
1002,2017-04-03,씨제이,001040,166905.0,-1.0605922648856225
1003,2018-04-02,씨제이,001040,154646.0,-0.7344896797579459
1004,2019-04-01,씨제이,001040,126500.0,-1.8200276761118939
1005,2020-04-01,씨제이,001040,62200.0,-5.08300395256917
1006,2021-04-01,씨제이,001040,93200.0,4.983922829581992
1007,2022-04-01,씨제이,001040,84200.0,-0.9656652360515017
1008,2013-04-01,씨제이대한통운,000120,99800.0,
1009,2014-04-01,씨제이대한통운,000120,113500.0,1.3727454909819636
1010,2015-04-01,씨제이대한통운,000120,195000.0,7.180616740088106
1011,2016-04-01,씨제이대한통운,000120,187000.0,-0.4102564102564099
1012,2017-04-03,씨제이대한통운,000120,167000.0,-1.06951871657754
1013,2018-04-02,씨제이대한통운,000120,138000.0,-1.7365269461077848
1014,2019-04-01,씨제이대한통운,000120,169500.0,2.282608695652173
1015,2020-04-01,씨제이대한통운,000120,128000.0,-2.448377581120944
1016,2021-04-01,씨제이대한통운,000120,180500.0,4.1015625
1017,2022-04-01,씨제이대한통운,000120,126500.0,-2.991689750692521
1018,2013-04-01,씨제이제일제당,097950,346500.0,
1019,2014-04-01,씨제이제일제당,097950,296000.0,-1.4574314574314573
1020,2015-04-01,씨제이제일제당,097950,372000.0,2.567567567567568
1021,2016-04-01,씨제이제일제당,097950,345500.0,-0.7123655913978499
1022,2017-04-03,씨제이제일제당,097950,353500.0,0.2315484804630974
1023,2018-04-02,씨제이제일제당,097950,329500.0,-0.678925035360679
1024,2019-04-01,씨제이제일제당,097950,324500.0,-0.15174506828528056
1025,2020-04-01,씨제이제일제당,097950,214000.0,-3.4052388289676427
1026,2021-04-01,씨제이제일제당,097950,416000.0,9.439252336448599
1027,2022-04-01,씨제이제일제당,097950,379500.0,-0.8774038461538458
1028,2013-04-01,아시아나항공,020560,27300.0,
1029,2014-04-01,아시아나항공,020560,24054.0,-1.189010989010989
1030,2015-04-01,아시아나항공,020560,44052.0,8.313793963581942
1031,2016-04-01,아시아나항공,020560,22670.0,-4.8538091346590395
1032,2017-04-03,아시아나항공,020560,21429.0,-0.547419497132775
1033,2018-04-02,아시아나항공,020560,23482.0,0.9580475057165527
1034,2019-04-01,아시아나항공,020560,16752.0,-2.8660250404565204
1035,2020-04-01,아시아나항공,020560,16203.0,-0.32772206303724905
1036,2021-04-01,아시아나항공,020560,16800.0,0.36845028698389237
1037,2022-04-01,아시아나항공,020560,22700.0,3.5119047619047628
1038,2013-04-01,아이에스동서,010780,11650.0,
1039,2014-04-01,아이에스동서,010780,23850.0,10.472103004291844
1040,2015-04-01,아이에스동서,010780,73700.0,20.90146750524109
1041,2016-04-01,아이에스동서,010780,46550.0,-3.6838534599728634
1042,2017-04-03,아이에스동서,010780,45200.0,-0.29001074113856107
1043,2018-04-02,아이에스동서,010780,30650.0,-3.2190265486725664
1044,2019-04-01,아이에스동서,010780,31850.0,0.39151712887438794
1045,2020-04-01,아이에스동서,010780,21500.0,-3.2496075353218212
1046,2021-04-01,아이에스동서,010780,56500.0,16.279069767441857
1047,2022-04-01,아이에스동서,010780,55500.0,-0.17699115044247815
1048,2022-04-01,에스디바이오센서,137310,54800.0,
1049,2013-04-01,에스엘,005850,11319.0,
1050,2014-04-01,에스엘,005850,14986.0,3.2396854845834433
1051,2015-04-01,에스엘,005850,14467.0,-0.34632323501935125
1052,2016-04-01,에스엘,005850,12634.0,-1.2670214972005256
1053,2017-04-03,에스엘,005850,15902.0,2.586670888079785
1054,2018-04-02,에스엘,005850,16261.0,0.2257577663187016
1055,2019-04-01,에스엘,005850,18014.0,1.0780394809667304
1056,2020-04-01,에스엘,005850,10283.0,-4.291662040635061
1057,2021-04-01,에스엘,005850,22300.0,11.686278323446464
1058,2022-04-01,에스엘,005850,24400.0,0.94170403587444
1059,2013-04-01,에스케이,034730,98300.0,
1060,2014-04-01,에스케이,034730,153000.0,5.564598168870805
1061,2015-04-01,에스케이,034730,240000.0,5.686274509803921
1062,2016-04-01,에스케이,034730,223000.0,-0.708333333333333
1063,2017-04-03,에스케이,034730,243000.0,0.8968609865470856
1064,2018-04-02,에스케이,034730,292500.0,2.037037037037037
1065,2019-04-01,에스케이,034730,270500.0,-0.7521367521367517
1066,2020-04-01,에스케이,034730,161000.0,-4.048059149722736
1067,2021-04-01,에스케이,034730,286000.0,7.763975155279503
1068,2022-04-01,에스케이,034730,241500.0,-1.5559440559440563
1069,2013-04-01,에스케이네트웍스,001740,7780.0,
1070,2014-04-01,에스케이네트웍스,001740,9390.0,2.069408740359897
1071,2015-04-01,에스케이네트웍스,001740,8040.0,-1.437699680511182
1072,2016-04-01,에스케이네트웍스,001740,6230.0,-2.2512437810945274
1073,2017-04-03,에스케이네트웍스,001740,7600.0,2.199036918138042
1074,2018-04-02,에스케이네트웍스,001740,5690.0,-2.5131578947368416
1075,2019-04-01,에스케이네트웍스,001740,6060.0,0.6502636203866441
1076,2020-04-01,에스케이네트웍스,001740,4550.0,-2.4917491749174916
1077,2021-04-01,에스케이네트웍스,001740,5610.0,2.3296703296703303
1078,2022-04-01,에스케이네트웍스,001740,4675.0,-1.6666666666666663
1079,2021-04-01,에스케이바이오사이언스,302440,119000.0,
1080,2022-04-01,에스케이바이오사이언스,302440,153000.0,2.857142857142858
1081,2021-04-01,에스케이바이오팜,326030,104500.0,
1082,2022-04-01,에스케이바이오팜,326030,88800.0,-1.5023923444976073
1083,2022-04-01,에스케이스퀘어,402340,56300.0,
1084,2013-04-01,에스케이씨,011790,32750.0,
1085,2014-04-01,에스케이씨,011790,31650.0,-0.3358778625954195
1086,2015-04-01,에스케이씨,011790,37400.0,1.816745655608214
1087,2016-04-01,에스케이씨,011790,29950.0,-1.9919786096256686
1088,2017-04-03,에스케이씨,011790,30800.0,0.28380634390651194
1089,2018-04-02,에스케이씨,011790,36650.0,1.8993506493506485
1090,2019-04-01,에스케이씨,011790,36600.0,-0.013642564802183177
1091,2020-04-01,에스케이씨,011790,37600.0,0.2732240437158473
1092,2021-04-01,에스케이씨,011790,133500.0,25.505319148936174
1093,2022-04-01,에스케이씨,011790,154500.0,1.573033707865168
1094,2022-04-01,에스케이아이이테크놀로지,361610,124500.0,
1095,2018-04-02,에스케이케미칼,285130,69055.0,
1096,2019-04-01,에스케이케미칼,285130,46971.0,-3.1980305553544275
1097,2020-04-01,에스케이케미칼,285130,54377.0,1.5767175491260566
1098,2021-04-01,에스케이케미칼,285130,171137.0,21.472313662026224
1099,2022-04-01,에스케이케미칼,285130,134500.0,-2.1407994764428495
1100,2013-04-01,에스케이텔레콤,017670,31229.0,
1101,2014-04-01,에스케이텔레콤,017670,37440.0,1.9888565115757784
1102,2015-04-01,에스케이텔레콤,017670,47275.0,2.626869658119657
1103,2016-04-01,에스케이텔레콤,017670,36233.0,-2.3356953992596505
1104,2017-04-03,에스케이텔레콤,017670,43824.0,2.0950514724146507
1105,2018-04-02,에스케이텔레콤,017670,40546.0,-0.7479919678714864
1106,2019-04-01,에스케이텔레콤,017670,43911.0,0.8299215705618312
1107,2020-04-01,에스케이텔레콤,017670,30194.0,-3.123818633144315
1108,2021-04-01,에스케이텔레콤,017670,47793.0,5.828641451944094
1109,2022-04-01,에스케이텔레콤,017670,57200.0,1.9682798736216611
1110,2013-04-01,에스케이하이닉스,000660,28650.0,
1111,2014-04-01,에스케이하이닉스,000660,37000.0,2.9144851657940674
1112,2015-04-01,에스케이하이닉스,000660,45000.0,2.1621621621621623
1113,2016-04-01,에스케이하이닉스,000660,28200.0,-3.733333333333333
1114,2017-04-03,에스케이하이닉스,000660,51800.0,8.368794326241137
1115,2018-04-02,에스케이하이닉스,000660,81300.0,5.694980694980696
1116,2019-04-01,에스케이하이닉스,000660,76600.0,-0.5781057810578105
1117,2020-04-01,에스케이하이닉스,000660,78400.0,0.23498694516971286
1118,2021-04-01,에스케이하이닉스,000660,140500.0,7.920918367346939
1119,2022-04-01,에스케이하이닉스,000660,116000.0,-1.7437722419928825
1120,2013-04-01,에쓰-오일,010950,92600.0,
1121,2014-04-01,에쓰-오일,010950,61600.0,-3.347732181425486
1122,2015-04-01,에쓰-오일,010950,66700.0,0.8279220779220786
1123,2016-04-01,에쓰-오일,010950,96700.0,4.497751124437781
1124,2017-04-03,에쓰-오일,010950,99600.0,0.2998965873836612
1125,2018-04-02,에쓰-오일,010950,121000.0,2.1485943775100402
1126,2019-04-01,에쓰-오일,010950,90500.0,-2.5206611570247937
1127,2020-04-01,에쓰-오일,010950,55000.0,-3.9226519337016574
1128,2021-04-01,에쓰-오일,010950,80300.0,4.6
1129,2022-04-01,에쓰-오일,010950,98300.0,2.2415940224159403
1130,2019-04-01,에이치디씨현대산업개발,294870,47472.0,
1131,2020-04-01,에이치디씨현대산업개발,294870,15700.0,-6.6927873272666
1132,2021-04-01,에이치디씨현대산업개발,294870,28900.0,8.40764331210191
1133,2022-04-01,에이치디씨현대산업개발,294870,15150.0,-4.757785467128027
1134,2013-04-01,에이치디한국조선해양,009540,191676.0,
1135,2014-04-01,에이치디한국조선해양,009540,193038.0,0.07105740937832561
1136,2015-04-01,에이치디한국조선해양,009540,108556.0,-4.376444016204063
1137,2016-04-01,에이치디한국조선해양,009540,94929.0,-1.2552968053354951
1138,2017-04-03,에이치디한국조선해양,009540,149889.0,5.789590114717315
1139,2018-04-02,에이치디한국조선해양,009540,126000.0,-1.5937793967535974
1140,2019-04-01,에이치디한국조선해양,009540,120000.0,-0.4761904761904767
1141,2020-04-01,에이치디한국조선해양,009540,76400.0,-3.633333333333333
1142,2021-04-01,에이치디한국조선해양,009540,128500.0,6.819371727748691
1143,2022-04-01,에이치디한국조선해양,009540,86100.0,-3.299610894941635
1144,2013-04-01,에이치디현대인프라코어,042670,13245.0,
1145,2014-04-01,에이치디현대인프라코어,042670,11679.0,-1.1823329558323892
1146,2015-04-01,에이치디현대인프라코어,042670,9267.0,-2.065245312098638
1147,2016-04-01,에이치디현대인프라코어,042670,5493.0,-4.072515377144708
1148,2017-04-03,에이치디현대인프라코어,042670,7888.0,4.360094665938467
1149,2018-04-02,에이치디현대인프라코어,042670,7176.0,-0.9026369168356996
1150,2019-04-01,에이치디현대인프라코어,042670,6186.0,-1.3795986622073575
1151,2020-04-01,에이치디현대인프라코어,042670,3022.0,-5.1147752990624
1152,2021-04-01,에이치디현대인프라코어,042670,8971.0,19.68563864990073
1153,2022-04-01,에이치디현대인프라코어,042670,6530.0,-2.720989856203322
1154,2022-04-01,에이치디현대중공업,329180,119000.0,
1155,2015-04-01,에이치엘만도,204320,31700.0,
1156,2016-04-01,에이치엘만도,204320,31300.0,-0.12618296529968487
1157,2017-04-03,에이치엘만도,204320,51700.0,6.517571884984026
1158,2018-04-02,에이치엘만도,204320,49100.0,-0.5029013539651839
1159,2019-04-01,에이치엘만도,204320,29350.0,-4.022403258655805
1160,2020-04-01,에이치엘만도,204320,21100.0,-2.810902896081772
1161,2021-04-01,에이치엘만도,204320,66200.0,21.37440758293839
1162,2022-04-01,에이치엘만도,204320,50800.0,-2.3262839879154074
1163,2013-04-01,에이치엠엠,011200,86343.0,
1164,2014-04-01,에이치엠엠,011200,64206.0,-2.5638442027726627
1165,2015-04-01,에이치엠엠,011200,58258.0,-0.9263931719776963
1166,2016-04-01,에이치엠엠,011200,13984.0,-7.599642967489444
1167,2017-04-03,에이치엠엠,011200,7180.0,-4.865560640732265
1168,2018-04-02,에이치엠엠,011200,4420.0,-3.844011142061281
1169,2019-04-01,에이치엠엠,011200,3700.0,-1.6289592760180993
1170,2020-04-01,에이치엠엠,011200,3150.0,-1.4864864864864868
1171,2021-04-01,에이치엠엠,011200,27800.0,78.25396825396825
1172,2022-04-01,에이치엠엠,011200,28900.0,0.39568345323740983
1173,2016-04-01,엘아이지넥스원,079550,105500.0,
1174,2017-04-03,엘아이지넥스원,079550,79100.0,-2.5023696682464456
1175,2018-04-02,엘아이지넥스원,079550,47250.0,-4.0265486725663715
1176,2019-04-01,엘아이지넥스원,079550,39700.0,-1.5978835978835981
1177,2020-04-01,엘아이지넥스원,079550,19400.0,-5.113350125944585
1178,2021-04-01,엘아이지넥스원,079550,40450.0,10.850515463917528
1179,2022-04-01,엘아이지넥스원,079550,71800.0,7.750309023485784
1180,2013-04-01,엘지디스플레이,034220,31800.0,
1181,2014-04-01,엘지디스플레이,034220,26700.0,-1.60377358490566
1182,2015-04-01,엘지디스플레이,034220,31700.0,1.8726591760299627
1183,2016-04-01,엘지디스플레이,034220,26350.0,-1.6876971608832803
1184,2017-04-03,엘지디스플레이,034220,30250.0,1.4800759013282727
1185,2018-04-02,엘지디스플레이,034220,25700.0,-1.5041322314049588
1186,2019-04-01,엘지디스플레이,034220,19950.0,-2.237354085603113
1187,2020-04-01,엘지디스플레이,034220,10600.0,-4.686716791979951
1188,2021-04-01,엘지디스플레이,034220,22500.0,11.226415094339623
1189,2022-04-01,엘지디스플레이,034220,20100.0,-1.0666666666666669
1190,2013-04-01,엘지전자,066570,80000.0,
1191,2014-04-01,엘지전자,066570,65200.0,-1.8500000000000005
1192,2015-04-01,엘지전자,066570,58600.0,-1.0122699386503065
1193,2016-04-01,엘지전자,066570,60900.0,0.3924914675767921
1194,2017-04-03,엘지전자,066570,68700.0,1.2807881773399021
1195,2018-04-02,엘지전자,066570,110500.0,6.084425036390102
1196,2019-04-01,엘지전자,066570,76800.0,-3.049773755656109
1197,2020-04-01,엘지전자,066570,48100.0,-3.736979166666666
1198,2021-04-01,엘지전자,066570,159000.0,23.056133056133056
1199,2022-04-01,엘지전자,066570,117500.0,-2.6100628930817615
1200,2022-04-01,일진하이솔루스,271940,44950.0,
1201,2013-04-01,지에스건설,006360,50951.0,
1202,2014-04-01,지에스건설,006360,33567.0,-3.411905556318816
1203,2015-04-01,지에스건설,006360,29800.0,-1.122233145649001
1204,2016-04-01,지에스건설,006360,26900.0,-0.9731543624161076
1205,2017-04-03,지에스건설,006360,30150.0,1.208178438661709
1206,2018-04-02,지에스건설,006360,28800.0,-0.44776119402985093
1207,2019-04-01,지에스건설,006360,42700.0,4.826388888888888
1208,2020-04-01,지에스건설,006360,19150.0,-5.515222482435598
1209,2021-04-01,지에스건설,006360,41700.0,11.775456919060051
1210,2022-04-01,지에스건설,006360,46600.0,1.1750599520383687
1211,2022-04-01,케이카,381970,31400.0,
1212,2014-04-07,코스맥스,192820,64232.0,
1213,2015-04-01,코스맥스,192820,137162.0,11.35415369286337
1214,2016-04-01,코스맥스,192820,120435.0,-1.219506860500722
1215,2017-04-03,코스맥스,192820,136253.0,1.3134055714700876
1216,2018-04-02,코스맥스,192820,145075.0,0.6474719822682795
1217,2019-04-01,코스맥스,192820,151447.0,0.4392210925383422
1218,2020-04-01,코스맥스,192820,73910.0,-5.119744861238584
1219,2021-04-01,코스맥스,192820,118609.0,6.047760790150183
1220,2022-04-01,코스맥스,192820,86800.0,-2.6818369600957768
1221,2013-04-01,코오롱인더스트리,120110,55000.0,
1222,2014-04-01,코오롱인더스트리,120110,53500.0,-0.27272727272727226
1223,2015-04-01,코오롱인더스트리,120110,50300.0,-0.5981308411214958
1224,2016-04-01,코오롱인더스트리,120110,70300.0,3.976143141153081
1225,2017-04-03,코오롱인더스트리,120110,71900.0,0.22759601706970223
1226,2018-04-02,코오롱인더스트리,120110,67300.0,-0.6397774687065372
1227,2019-04-01,코오롱인더스트리,120110,50900.0,-2.436849925705795
1228,2020-04-01,코오롱인더스트리,120110,28150.0,-4.469548133595285
1229,2021-04-01,코오롱인더스트리,120110,60500.0,11.49200710479574
1230,2022-04-01,코오롱인더스트리,120110,61900.0,0.23140495867768562
1231,2013-04-01,코웨이,021240,48500.0,
1232,2014-04-01,코웨이,021240,76400.0,5.752577319587628
1233,2015-04-01,코웨이,021240,93200.0,2.198952879581151
1234,2016-04-01,코웨이,021240,94300.0,0.11802575107296098
1235,2017-04-03,코웨이,021240,96800.0,0.26511134676564074
1236,2018-04-02,코웨이,021240,89500.0,-0.7541322314049592
1237,2019-04-01,코웨이,021240,95500.0,0.6703910614525133
1238,2020-04-01,코웨이,021240,55200.0,-4.219895287958115
1239,2021-04-01,코웨이,021240,66500.0,2.0471014492753614
1240,2022-04-01,코웨이,021240,67200.0,0.10526315789473717
1241,2018-04-02,쿠쿠홈시스,284740,37600.0,
1242,2019-04-01,쿠쿠홈시스,284740,39300.0,0.4521276595744683
1243,2020-04-01,쿠쿠홈시스,284740,32600.0,-1.7048346055979646
1244,2021-04-01,쿠쿠홈시스,284740,42100.0,2.9141104294478537
1245,2022-04-01,쿠쿠홈시스,284740,35000.0,-1.6864608076009502
1246,2013-04-01,태광산업,003240,1033000.0,
1247,2014-04-01,태광산업,003240,1379000.0,3.3494675701839305
1248,2015-04-01,태광산업,003240,1204000.0,-1.2690355329949243
1249,2016-04-01,태광산업,003240,929000.0,-2.2840531561461797
1250,2017-04-03,태광산업,003240,900000.0,-0.31216361679224924
1251,2018-04-02,태광산업,003240,1333000.0,4.81111111111111
1252,2019-04-01,태광산업,003240,1614000.0,2.108027006751687
1253,2020-04-01,태광산업,003240,621000.0,-6.152416356877324
1254,2021-04-01,태광산업,003240,924000.0,4.879227053140096
1255,2022-04-01,태광산업,003240,1038000.0,1.2337662337662336
1256,2013-04-01,티케이지휴켐스,069260,23550.0,
1257,2014-04-01,티케이지휴켐스,069260,21850.0,-0.7218683651804669
1258,2015-04-01,티케이지휴켐스,069260,25650.0,1.7391304347826098
1259,2016-04-01,티케이지휴켐스,069260,18850.0,-2.651072124756335
1260,2017-04-03,티케이지휴켐스,069260,23850.0,2.6525198938992034
1261,2018-04-02,티케이지휴켐스,069260,24950.0,0.4612159329140453
1262,2019-04-01,티케이지휴켐스,069260,22400.0,-1.0220440881763526
1263,2020-04-01,티케이지휴켐스,069260,14600.0,-3.4821428571428568
1264,2021-04-01,티케이지휴켐스,069260,22200.0,5.205479452054796
1265,2022-04-01,티케이지휴켐스,069260,22300.0,0.045045045045044585
1266,2013-04-01,팬오션,028670,59628.0,
1267,2014-04-01,팬오션,028670,6945.0,-8.835278728114309
1268,2015-04-01,팬오션,028670,4808.0,-3.0770338372930164
1269,2016-04-01,팬오션,028670,3750.0,-2.200499168053245
1270,2017-04-03,팬오션,028670,5040.0,3.440000000000001
1271,2018-04-02,팬오션,028670,5130.0,0.17857142857142794
1272,2019-04-01,팬오션,028670,4210.0,-1.793372319688109
1273,2020-04-01,팬오션,028670,2790.0,-3.3729216152019004
1274,2021-04-01,팬오션,028670,5990.0,11.469534050179213
1275,2022-04-01,팬오션,028670,6710.0,1.2020033388981632
1276,2013-04-01,포스코홀딩스,005490,325000.0,
1277,2014-04-01,포스코홀딩스,005490,300500.0,-0.7538461538461538
1278,2015-04-01,포스코홀딩스,005490,238000.0,-2.079866888519135
1279,2016-04-01,포스코홀딩스,005490,213500.0,-1.029411764705882
1280,2017-04-03,포스코홀딩스,005490,282500.0,3.231850117096018
1281,2018-04-02,포스코홀딩스,005490,327500.0,1.5929203539823011
1282,2019-04-01,포스코홀딩스,005490,266500.0,-1.8625954198473282
1283,2020-04-01,포스코홀딩스,005490,155000.0,-4.183864915572233
1284,2021-04-01,포스코홀딩스,005490,318500.0,10.548387096774192
1285,2022-04-01,포스코홀딩스,005490,288000.0,-0.9576138147566715
1286,2015-04-01,피아이첨단소재,178920,10850.0,
1287,2016-04-01,피아이첨단소재,178920,10400.0,-0.41474654377880227
1288,2017-04-03,피아이첨단소재,178920,16300.0,5.673076923076923
1289,2018-04-02,피아이첨단소재,178920,44100.0,17.05521472392638
1290,2019-04-01,피아이첨단소재,178920,30600.0,-3.0612244897959187
1291,2020-04-01,피아이첨단소재,178920,25450.0,-1.683006535947712
1292,2021-04-01,피아이첨단소재,178920,46550.0,8.290766208251474
1293,2022-04-01,피아이첨단소재,178920,46000.0,-0.11815252416756183
1294,2013-04-01,하이트진로,000080,33350.0,
1295,2014-04-01,하이트진로,000080,23900.0,-2.8335832083958024
1296,2015-04-01,하이트진로,000080,22100.0,-0.7531380753138073
1297,2016-04-01,하이트진로,000080,26950.0,2.1945701357466074
1298,2017-04-03,하이트진로,000080,20400.0,-2.4304267161410023
1299,2018-04-02,하이트진로,000080,22600.0,1.0784313725490202
1300,2019-04-01,하이트진로,000080,18350.0,-1.8805309734513276
1301,2020-04-01,하이트진로,000080,26950.0,4.686648501362399
1302,2021-04-01,하이트진로,000080,36250.0,3.450834879406308
1303,2022-04-01,하이트진로,000080,37750.0,0.4137931034482767
1304,2013-04-01,한국가스공사,036460,68827.0,
1305,2014-04-01,한국가스공사,036460,62200.0,-0.9628488819794556
1306,2015-04-01,한국가스공사,036460,39700.0,-3.6173633440514474
1307,2016-04-01,한국가스공사,036460,38000.0,-0.4282115869017633
1308,2017-04-03,한국가스공사,036460,44800.0,1.7894736842105252
1309,2018-04-02,한국가스공사,036460,48300.0,0.78125
1310,2019-04-01,한국가스공사,036460,47150.0,-0.23809523809523836
1311,2020-04-01,한국가스공사,036460,21100.0,-5.524920466595971
1312,2021-04-01,한국가스공사,036460,33400.0,5.829383886255924
1313,2022-04-01,한국가스공사,036460,38800.0,1.6167664670658688
1314,2013-04-01,한국앤컴퍼니,000240,18400.0,
1315,2014-04-01,한국앤컴퍼니,000240,20700.0,1.25
1316,2015-04-01,한국앤컴퍼니,000240,20300.0,-0.19323671497584516
1317,2016-04-01,한국앤컴퍼니,000240,22000.0,0.8374384236453203
1318,2017-04-03,한국앤컴퍼니,000240,19350.0,-1.2045454545454548
1319,2018-04-02,한국앤컴퍼니,000240,18550.0,-0.4134366925064603
1320,2019-04-01,한국앤컴퍼니,000240,15900.0,-1.428571428571429
1321,2020-04-01,한국앤컴퍼니,000240,8600.0,-4.591194968553459
1322,2021-04-01,한국앤컴퍼니,000240,18200.0,11.16279069767442
1323,2022-04-01,한국앤컴퍼니,000240,14500.0,-2.0329670329670337
1324,2013-04-01,한국전력공사,015760,31200.0,
1325,2014-04-01,한국전력공사,015760,37150.0,1.907051282051282
1326,2015-04-01,한국전력공사,015760,45950.0,2.3687752355316283
1327,2016-04-01,한국전력공사,015760,59100.0,2.861806311207835
1328,2017-04-03,한국전력공사,015760,46700.0,-2.098138747884941
1329,2018-04-02,한국전력공사,015760,33250.0,-2.8800856531049246
1330,2019-04-01,한국전력공사,015760,30350.0,-0.8721804511278197
1331,2020-04-01,한국전력공사,015760,19000.0,-3.7397034596375622
1332,2021-04-01,한국전력공사,015760,23500.0,2.3684210526315796
1333,2022-04-01,한국전력공사,015760,22950.0,-0.23404255319148914
1334,2013-04-01,한국전력기술,052690,88600.0,
1335,2014-04-01,한국전력기술,052690,65900.0,-2.5620767494356658
1336,2015-04-01,한국전력기술,052690,47100.0,-2.852807283763278
1337,2016-04-01,한국전력기술,052690,31050.0,-3.407643312101911
1338,2017-04-03,한국전력기술,052690,27100.0,-1.2721417069243157
1339,2018-04-02,한국전력기술,052690,29300.0,0.8118081180811809
1340,2019-04-01,한국전력기술,052690,24150.0,-1.7576791808873715
1341,2020-04-01,한국전력기술,052690,15150.0,-3.726708074534162
1342,2021-04-01,한국전력기술,052690,23000.0,5.181518151815181
1343,2022-04-01,한국전력기술,052690,82800.0,26.0
1344,2013-04-01,한국콜마,161890,32750.0,
1345,2014-04-01,한국콜마,161890,30450.0,-0.7022900763358775
1346,2015-04-01,한국콜마,161890,71300.0,13.41543513957307
1347,2016-04-01,한국콜마,161890,83600.0,1.7251051893408142
1348,2017-04-03,한국콜마,161890,76600.0,-0.8373205741626799
1349,2018-04-02,한국콜마,161890,82600.0,0.7832898172323755
1350,2019-04-01,한국콜마,161890,80600.0,-0.24213075060532718
1351,2020-04-01,한국콜마,161890,36900.0,-5.421836228287842
1352,2021-04-01,한국콜마,161890,57100.0,5.474254742547426
1353,2022-04-01,한국콜마,161890,46650.0,-1.8301225919439579
1354,2013-04-01,한국타이어앤테크놀로지,161390,48100.0,
1355,2014-04-01,한국타이어앤테크놀로지,161390,61400.0,2.7650727650727647
1356,2015-04-01,한국타이어앤테크놀로지,161390,44650.0,-2.728013029315961
1357,2016-04-01,한국타이어앤테크놀로지,161390,52500.0,1.758118701007838
1358,2017-04-03,한국타이어앤테크놀로지,161390,54400.0,0.36190476190476106
1359,2018-04-02,한국타이어앤테크놀로지,161390,53600.0,-0.14705882352941124
1360,2019-04-01,한국타이어앤테크놀로지,161390,38400.0,-2.8358208955223887
1361,2020-04-01,한국타이어앤테크놀로지,161390,18750.0,-5.1171875
1362,2021-04-01,한국타이어앤테크놀로지,161390,48000.0,15.600000000000001
1363,2022-04-01,한국타이어앤테크놀로지,161390,34650.0,-2.7812499999999996
1364,2013-04-01,한국항공우주산업,047810,25100.0,
1365,2014-04-01,한국항공우주산업,047810,34350.0,3.6852589641434252
1366,2015-04-01,한국항공우주산업,047810,56800.0,6.5356622998544385
1367,2016-04-01,한국항공우주산업,047810,65300.0,1.4964788732394374
1368,2017-04-03,한국항공우주산업,047810,57900.0,-1.1332312404287903
1369,2018-04-02,한국항공우주산업,047810,49100.0,-1.5198618307426592
1370,2019-04-01,한국항공우주산업,047810,36000.0,-2.6680244399185336
1371,2020-04-01,한국항공우주산업,047810,20250.0,-4.375
1372,2021-04-01,한국항공우주산업,047810,36200.0,7.876543209876543
1373,2022-04-01,한국항공우주산업,047810,41850.0,1.5607734806629825
1374,2013-04-01,한미사이언스,008930,8386.0,
1375,2014-04-01,한미사이언스,008930,10350.0,2.341998569043644
1376,2015-04-01,한미사이언스,008930,29615.0,18.61352657004831
1377,2016-04-01,한미사이언스,008930,128671.0,33.44791490798582
1378,2017-04-03,한미사이언스,008930,53481.0,-5.843585578724033
1379,2018-04-02,한미사이언스,008930,84909.0,5.876479497391598
1380,2019-04-01,한미사이언스,008930,71897.0,-1.532464167520522
1381,2020-04-01,한미사이언스,008930,24090.0,-6.649373409182581
1382,2021-04-01,한미사이언스,008930,56052.0,13.267745952677462
1383,2022-04-01,한미사이언스,008930,43588.0,-2.223649468350817
1384,2013-04-01,한미약품,128940,120609.0,
1385,2014-04-01,한미약품,128940,91498.0,-2.413667305093318
1386,2015-04-01,한미약품,128940,178905.0,9.552886401888564
1387,2016-04-01,한미약품,128940,585183.0,22.709147312819653
1388,2017-04-03,한미약품,128940,271320.0,-5.363501673835365
1389,2018-04-02,한미약품,128940,462083.0,7.030922895473979
1390,2019-04-01,한미약품,128940,424495.0,-0.8134469348580231
1391,2020-04-01,한미약품,128940,232205.0,-4.529853119589159
1392,2021-04-01,한미약품,128940,308275.0,3.27598458258866
1393,2022-04-01,한미약품,128940,268109.0,-1.3029275808936824
1394,2013-04-01,한세실업,105630,15650.0,
1395,2014-04-01,한세실업,105630,21850.0,3.9616613418530355
1396,2015-04-01,한세실업,105630,41750.0,9.107551487414188
1397,2016-04-01,한세실업,105630,55100.0,3.197604790419162
1398,2017-04-03,한세실업,105630,24300.0,-5.58983666061706
1399,2018-04-02,한세실업,105630,22600.0,-0.6995884773662553
1400,2019-04-01,한세실업,105630,28350.0,2.5442477876106184
1401,2020-04-01,한세실업,105630,8910.0,-6.857142857142858
1402,2021-04-01,한세실업,105630,20000.0,12.44668911335578
1403,2022-04-01,한세실업,105630,26750.0,3.374999999999999
1404,2013-04-01,한온시스템,018880,5720.0,
1405,2014-04-01,한온시스템,018880,9140.0,5.979020979020979
1406,2015-04-01,한온시스템,018880,7740.0,-1.5317286652078776
1407,2016-04-01,한온시스템,018880,9200.0,1.8863049095607232
1408,2017-04-03,한온시스템,018880,9410.0,0.22826086956521774
1409,2018-04-02,한온시스템,018880,11750.0,2.486716259298618
1410,2019-04-01,한온시스템,018880,11400.0,-0.29787234042553234
1411,2020-04-01,한온시스템,018880,8510.0,-2.5350877192982457
1412,2021-04-01,한온시스템,018880,18200.0,11.386603995299648
1413,2022-04-01,한온시스템,018880,11700.0,-3.571428571428571
1414,2013-04-01,한올바이오파마,009420,8810.0,
1415,2014-04-01,한올바이오파마,009420,4070.0,-5.380249716231555
1416,2015-04-01,한올바이오파마,009420,4810.0,1.8181818181818188
1417,2016-04-01,한올바이오파마,009420,17750.0,26.9022869022869
1418,2017-04-03,한올바이오파마,009420,13800.0,-2.225352112676057
1419,2018-04-02,한올바이오파마,009420,32200.0,13.333333333333336
1420,2019-04-01,한올바이오파마,009420,34100.0,0.5900621118012417
1421,2020-04-01,한올바이오파마,009420,22600.0,-3.3724340175953085
1422,2021-04-01,한올바이오파마,009420,23550.0,0.42035398230088505
1423,2022-04-01,한올바이오파마,009420,19450.0,-1.7409766454352438
1424,2019-04-01,한일시멘트,300720,14350.0,
1425,2020-04-01,한일시멘트,300720,6180.0,-5.693379790940767
1426,2021-04-01,한일시멘트,300720,16200.0,16.21359223300971
1427,2022-04-01,한일시멘트,300720,21400.0,3.2098765432098775
1428,2013-04-01,한전케이피에스,051600,56200.0,
1429,2014-04-01,한전케이피에스,051600,67700.0,2.046263345195729
1430,2015-04-01,한전케이피에스,051600,100500.0,4.844903988183161
1431,2016-04-01,한전케이피에스,051600,63600.0,-3.6716417910447765
1432,2017-04-03,한전케이피에스,051600,60300.0,-0.5188679245283023
1433,2018-04-02,한전케이피에스,051600,44600.0,-2.6036484245439473
1434,2019-04-01,한전케이피에스,051600,34950.0,-2.163677130044843
1435,2020-04-01,한전케이피에스,051600,28400.0,-1.8741058655221743
1436,2021-04-01,한전케이피에스,051600,32250.0,1.3556338028169024
1437,2022-04-01,한전케이피에스,051600,41450.0,2.8527131782945747
1438,2013-04-01,한화솔루션,009830,23461.0,
1439,2014-04-01,한화솔루션,009830,23461.0,0.0
1440,2015-04-01,한화솔루션,009830,16809.0,-2.8353437619879793
1441,2016-04-01,한화솔루션,009830,29144.0,7.338330656196086
1442,2017-04-03,한화솔루션,009830,31563.0,0.8300164699423562
1443,2018-04-02,한화솔루션,009830,35433.0,1.2261191901910462
1444,2019-04-01,한화솔루션,009830,26303.0,-2.5766940422769737
1445,2020-04-01,한화솔루션,009830,15419.0,-4.137931034482759
1446,2021-04-01,한화솔루션,009830,62255.0,30.375510733510602
1447,2022-04-01,한화솔루션,009830,44602.0,-2.835595534495221
1448,2020-04-01,한화시스템,272210,6715.0,
1449,2021-04-01,한화시스템,272210,19760.0,19.426656738644823
1450,2022-04-01,한화시스템,272210,16200.0,-1.8016194331983804
1451,2013-04-01,한화에어로스페이스,012450,65400.0,
1452,2014-04-01,한화에어로스페이스,012450,57300.0,-1.2385321100917435
1453,2015-04-01,한화에어로스페이스,012450,23000.0,-5.986038394415358
1454,2016-04-01,한화에어로스페이스,012450,39950.0,7.369565217391305
1455,2017-04-03,한화에어로스페이스,012450,48050.0,2.0275344180225274
1456,2018-04-02,한화에어로스페이스,012450,28650.0,-4.037460978147763
1457,2019-04-01,한화에어로스페이스,012450,35200.0,2.286212914485166
1458,2020-04-01,한화에어로스페이스,012450,19950.0,-4.332386363636363
1459,2021-04-01,한화에어로스페이스,012450,40250.0,10.17543859649123
1460,2022-04-01,한화에어로스페이스,012450,52200.0,2.968944099378883
1461,2013-04-01,현대건설,000720,64703.0,
1462,2014-04-01,현대건설,000720,54876.0,-1.5187858368236407
1463,2015-04-01,현대건설,000720,47870.0,-1.2766965522268392
1464,2016-04-01,현대건설,000720,39162.0,-1.8190933778984753
1465,2017-04-03,현대건설,000720,46459.0,1.8632858383126494
1466,2018-04-02,현대건설,000720,40622.0,-1.2563765901117119
1467,2019-04-01,현대건설,000720,51859.0,2.766235045049481
1468,2020-04-01,현대건설,000720,25103.0,-5.15937445766405
1469,2021-04-01,현대건설,000720,42373.0,6.879655818029717
1470,2022-04-01,현대건설,000720,47450.0,1.1981686451277929
1471,2013-04-01,현대글로비스,086280,190500.0,
1472,2014-04-01,현대글로비스,086280,243500.0,2.782152230971129
1473,2015-04-01,현대글로비스,086280,225000.0,-0.7597535934291577
1474,2016-04-01,현대글로비스,086280,186000.0,-1.7333333333333334
1475,2017-04-03,현대글로비스,086280,145000.0,-2.2043010752688175
1476,2018-04-02,현대글로비스,086280,171000.0,1.7931034482758612
1477,2019-04-01,현대글로비스,086280,129500.0,-2.426900584795322
1478,2020-04-01,현대글로비스,086280,86200.0,-3.343629343629344
1479,2021-04-01,현대글로비스,086280,187000.0,11.693735498839906
1480,2022-04-01,현대글로비스,086280,190000.0,0.16042780748663166
1481,2014-04-01,현대로템,064350,29600.0,
1482,2015-04-01,현대로템,064350,18750.0,-3.6655405405405403
1483,2016-04-01,현대로템,064350,17150.0,-0.8533333333333337
1484,2017-04-03,현대로템,064350,20950.0,2.2157434402332354
1485,2018-04-02,현대로템,064350,15800.0,-2.458233890214797
1486,2019-04-01,현대로템,064350,23450.0,4.841772151898733
1487,2020-04-01,현대로템,064350,11600.0,-5.053304904051172
1488,2021-04-01,현대로템,064350,19900.0,7.155172413793103
1489,2022-04-01,현대로템,064350,20050.0,0.07537688442211143
1490,2013-04-01,현대모비스,012330,306000.0,
1491,2014-04-01,현대모비스,012330,318500.0,0.40849673202614456
1492,2015-04-01,현대모비스,012330,243500.0,-2.3547880690737832
1493,2016-04-01,현대모비스,012330,239000.0,-0.1848049281314168
1494,2017-04-03,현대모비스,012330,239500.0,0.020920502092049986
1495,2018-04-02,현대모비스,012330,244500.0,0.2087682672233826
1496,2019-04-01,현대모비스,012330,211000.0,-1.370143149284253
1497,2020-04-01,현대모비스,012330,166500.0,-2.109004739336493
1498,2021-04-01,현대모비스,012330,294500.0,7.687687687687688
1499,2022-04-01,현대모비스,012330,217000.0,-2.6315789473684212
1500,2013-04-01,현대엘리베이터,017800,48992.0,
1501,2014-04-01,현대엘리베이터,017800,28807.0,-4.120060418027433
1502,2015-04-01,현대엘리베이터,017800,48157.0,6.717117367306558
1503,2016-04-01,현대엘리베이터,017800,36213.0,-2.4802209439956813
1504,2017-04-03,현대엘리베이터,017800,41082.0,1.344544776737635
1505,2018-04-02,현대엘리베이터,017800,51885.0,2.629618811158172
1506,2019-04-01,현대엘리베이터,017800,60222.0,1.6068227811506208
1507,2020-04-01,현대엘리베이터,017800,36146.0,-3.997874530902328
1508,2021-04-01,현대엘리베이터,017800,45100.0,2.477175897748023
1509,2022-04-01,현대엘리베이터,017800,38000.0,-1.5742793791574283
1510,2013-04-01,현대위아,011210,163000.0,
1511,2014-04-01,현대위아,011210,169000.0,0.36809815950920255
1512,2015-04-01,현대위아,011210,139000.0,-1.775147928994083
1513,2016-04-01,현대위아,011210,103000.0,-2.5899280575539576
1514,2017-04-03,현대위아,011210,67300.0,-3.466019417475729
1515,2018-04-02,현대위아,011210,55500.0,-1.7533432392273407
1516,2019-04-01,현대위아,011210,42400.0,-2.3603603603603607
1517,2020-04-01,현대위아,011210,26250.0,-3.8089622641509435
1518,2021-04-01,현대위아,011210,77600.0,19.561904761904763
1519,2022-04-01,현대위아,011210,63900.0,-1.7654639175257736
1520,2013-04-01,현대자동차,005380,222000.0,
1521,2014-04-01,현대자동차,005380,251500.0,1.3288288288288297
1522,2015-04-01,현대자동차,005380,164000.0,-3.4791252485089466
1523,2016-04-01,현대자동차,005380,149500.0,-0.8841463414634143
1524,2017-04-03,현대자동차,005380,156500.0,0.46822742474916357
1525,2018-04-02,현대자동차,005380,148500.0,-0.5111821086261981
1526,2019-04-01,현대자동차,005380,120500.0,-1.8855218855218858
1527,2020-04-01,현대자동차,005380,85400.0,-2.9128630705394185
1528,2021-04-01,현대자동차,005380,219000.0,15.644028103044496
1529,2022-04-01,현대자동차,005380,178000.0,-1.8721461187214616
1530,2013-04-01,현대제철,004020,80600.0,
1531,2014-04-01,현대제철,004020,68900.0,-1.4516129032258063
1532,2015-04-01,현대제철,004020,73700.0,0.6966618287372994
1533,2016-04-01,현대제철,004020,54700.0,-2.578018995929444
1534,2017-04-03,현대제철,004020,56600.0,0.34734917733089565
1535,2018-04-02,현대제철,004020,50300.0,-1.1130742049469966
1536,2019-04-01,현대제철,004020,46700.0,-0.7157057654075549
1537,2020-04-01,현대제철,004020,16900.0,-6.3811563169164875
1538,2021-04-01,현대제철,004020,46350.0,17.42603550295858
1539,2022-04-01,현대제철,004020,40750.0,-1.2081984897518883
1540,2019-04-01,효성첨단소재,298050,129500.0,
1541,2020-04-01,효성첨단소재,298050,60900.0,-5.2972972972972965
1542,2021-04-01,효성첨단소재,298050,371500.0,51.00164203612479
1543,2022-04-01,효성첨단소재,298050,522000.0,4.05114401076716
1544,2019-04-01,효성티앤씨,298020,179000.0,
1545,2020-04-01,효성티앤씨,298020,104000.0,-4.189944134078212
1546,2021-04-01,효성티앤씨,298020,558000.0,43.653846153846146
1547,2022-04-01,효성티앤씨,298020,462500.0,-1.7114695340501795
