종목코드,종목명,종가,대비,등락률,시가,고가,저가,거래량,거래대금,시가총액,상장주식수
"095570","AJ네트웍스","4970","80","1.64","4890","5020","4810","142626","700080655","232706806150","46822295"
"068400","AJ렌터카","11800","200","1.72","11750","11850","11600","116721","1372300100","261326340000","22146300"
"006840","AK홀딩스","34600","-250","-0.72","34850","35500","34100","15726","546795600","458365610600","13247561"
"027410","BGF","5600","0","0.00","5600","5630","5540","140274","784601810","536014029600","95716791"
"282330","BGF리테일","169500","1000","0.59","168000","170500","167000","22274","3766645000","2929622067000","17283906"
"138930","BNK금융지주","7660","40","0.52","7620","7660","7550","638982","4867854540","2496663984360","325935246"
"001460","BYC","236500","-500","-0.21","238000","238000","235000","261","61530500","147721447500","624615"
"001465","BYC우","124000","500","0.40","123500","124000","123000","117","14409500","26707740000","215385"
"001040","CJ","96600","200","0.21","97000","97400","96000","43556","4213327700","2818498006800","29176998"
"079160","CJ CGV","34550","600","1.77","34000","34650","33600","51440","1768414250","731123364150","21161313"
"00104K","CJ4우(전환)","72400","700","0.98","71300","72500","71300","6950","501061200","305999468800","4226512"
"000120","CJ대한통운","155000","500","0.32","155500","156000","153000","63767","9877073000","3535913320000","22812344"
"011150","CJ씨푸드","2695","85","3.26","2610","3040","2585","4005364","11298215925","96833433235","35930773"
"011155","CJ씨푸드1우","31200","-150","-0.48","31350","35900","31000","39699","1315017150","6240000000","200000"
"001045","CJ우","46250","-300","-0.64","46300","46750","46200","3567","165695050","104535313750","2260223"
"097950","CJ제일제당","252500","2500","1.00","252500","254500","250000","31019","7839387000","3801181965000","15054186"
"097955","CJ제일제당 우","109000","500","0.46","108500","109500","107500","2390","259373000","144690197000","1327433"
"037560","CJ헬로","6050","50","0.83","5960","6070","5960","93412","564530310","468553533250","77446865"
"000590","CS홀딩스","58500","500","0.86","58000","58500","57700","747","43445700","67537197000","1154482"
"012030","DB","880","-2","-0.23","882","889","856","519022","453439226","177033061040","201173933"
"016610","DB금융투자","4235","-15","-0.35","4260","4280","4230","69602","295248485","179760457415","42446389"
"005830","DB손해보험","52300","-500","-0.95","53200","53200","52100","107967","5663920000","3702840000000","70800000"
"000990","DB하이텍","27600","-550","-1.95","28200","28400","27200","672331","18553500800","1225401028800","44398588"
"000995","DB하이텍1우","67500","-5600","-7.66","72500","72500","66700","28925","1989999100","7581330000","112316"
"139130","DGB금융지주","7120","-30","-0.42","7160","7200","7100","539118","3841278180","1204318330960","169145833"
"001530","DI동일","74100","100","0.14","74000","74200","73700","2032","150121000","179427222000","2421420"
"004840","DRB동일","5260","-30","-0.57","5300","5320","5230","17462","91926760","104831800000","19930000"
"155660","DSR","4590","-10","-0.22","4600","4605","4515","56658","258302900","73440000000","16000000"
"069730","DSR제강","4550","0","0.00","4550","4565","4465","62927","283399080","65520000000","14400000"
"017940","E1","48300","100","0.21","48200","48350","47950","4540","218270900","331338000000","6860000"
"007700","F&F","112000","-500","-0.44","112000","114500","111500","41384","4685767000","1724800000000","15400000"
"114090","GKL","19450","250","1.30","19350","19450","19200","115523","2235207300","1203092781500","61855670"
"078930","GS","51600","-600","-1.15","52500","52500","51200","106523","5498096900","4794433504800","92915378"
"006360","GS건설","31050","150","0.49","30900","31050","30750","196645","6083586900","2487036814200","80097804"
"001250","GS글로벌","2220","5","0.23","2215","2230","2210","98866","219383085","183224956080","82533764"
"007070","GS리테일","39250","-100","-0.25","39550","39600","39050","64475","2539409400","3022250000000","77000000"
"078935","GS우","37250","0","0.00","37250","37350","36900","4013","148938050","66484768500","1784826"
"012630","HDC","11050","50","0.45","11000","11150","10900","203359","2246201600","660146017050","59741721"
"039570","HDC아이콘트롤스","10900","-100","-0.91","11000","11000","10750","106894","1160337650","179414000000","16460000"
"089470","HDC현대EP","5010","-40","-0.79","5080","5090","4985","72153","361755465","159819000000","31900000"
"294870","HDC현대산업개발","25650","-100","-0.39","26000","26000","25550","145071","3729044450","1127015343000","43938220"
"082740","HSD엔진","4470","80","1.82","4350","4530","4350","200876","895397995","147273724740","32947142"
"003560","IHQ","1745","15","0.87","1725","1775","1720","1481038","2661134330","255181380260","146235748"
"175330","JB금융지주","5490","-70","-1.26","5570","5570","5490","192776","1062318610","1081436088060","196982894"
"234080","JW생명과학","19800","-100","-0.50","19950","19950","19650","24195","477338300","313524169200","15834554"
"001060","JW중외제약","29600","600","2.07","29200","29800","29000","57252","1687179600","601413451200","20318022"
"001067","JW중외제약2우B","41000","650","1.61","40900","41050","40350","557","22696750","3599390000","87790"
"001065","JW중외제약우","27700","0","0.00","27700","27700","26550","1575","43010100","4636287500","167375"
"096760","JW홀딩스","6350","90","1.44","6220","6400","6220","65160","412202220","409707740400","64520904"
"105560","KB금융","47650","-400","-0.83","48050","48050","47100","955663","45427784350","19813247388000","415807920"
"002380","KCC","233500","0","0.00","0","0","0","0","0","2464945785500","10556513"
"009070","KCTC","2750","-5","-0.18","2765","2770","2730","23809","65441125","82500000000","30000000"
"009440","KC그린홀딩스","4820","0","0.00","4805","4825","4780","25645","123174595","108136603600","22434980"
"119650","KC코트렐","6850","60","0.88","6820","6860","6760","43440","296219550","89050000000","13000000"
"092220","KEC","1035","-10","-0.96","1050","1060","1030","463253","482714440","120791682900","116706940"
"001390","KG케미칼","12000","300","2.56","11750","12100","11750","69203","827793400","156158784000","13013232"
"001940","KISCO홀딩스","12800","-100","-0.78","12850","12850","12800","1442","18474700","236497664000","18476380"
"025000","KPX케미칼","55600","0","0.00","55600","56700","55400","1600","89291200","269104000000","4840000"
"092230","KPX홀딩스","54400","-400","-0.73","54800","54900","54300","362","19769700","229820742400","4224646"
"000040","KR모터스","279","6","2.20","273","283","271","650466","180192907","52854896925","189444075"
"044450","KSS해운","7730","-70","-0.90","7870","7870","7690","25001","193951260","179226852400","23185880"
"030200","KT","27000","300","1.12","26850","27000","26750","623282","16767360300","7050018816000","261111808"
"033780","KT&G","93800","-500","-0.53","94300","94600","93700","339329","31901183700","12878036218600","137292497"
"030210","KTB투자증권","2345","-20","-0.85","2350","2385","2335","104453","245395005","141436545740","60314092"
"058850","KTcs","2260","-20","-0.88","2275","2280","2240","242072","546280835","96468100000","42685000"
"058860","KTis","2300","-25","-1.08","2325","2350","2275","66771","153358335","80044600000","34802000"
"093050","LF","18500","300","1.65","18050","18550","18050","54368","994755650","540940000000","29240000"
"003550","LG","73800","-600","-0.81","74500","74500","73600","147932","10933601800","12734716267800","172557131"
"034220","LG디스플레이","16250","-100","-0.61","16350","16600","16200","1275118","20822808450","5814505125000","357815700"
"001120","LG상사","15050","100","0.67","15000","15050","14850","106362","1591468100","583338000000","38760000"
"051900","LG생활건강","1261000","3000","0.24","1257000","1265000","1255000","14787","18644916000","19694546417000","15618197"
"051905","LG생활건강우","771000","-10000","-1.28","781000","781000","768000","1362","1052017000","1618866387000","2099697"
"003555","LG우","49200","-300","-0.61","49050","49550","48850","7246","357042900","163082108400","3314677"
"032640","LG유플러스","14200","100","0.71","14150","14250","14100","546401","7750716700","6199881326200","436611361"
"011070","LG이노텍","140000","0","0.00","140000","140000","138000","68021","9487720000","3313394980000","23667107"
"066570","LG전자","72100","300","0.42","71800","72200","71600","283273","20383657900","11799007389400","163647814"
"066575","LG전자우","28400","-350","-1.22","28750","28750","28400","20762","592875350","488082172800","17185992"
"108670","LG하우시스","54700","0","0.00","55200","55200","54200","11356","620720500","490531549000","8967670"
"108675","LG하우시스우","27150","-150","-0.55","27300","27300","27000","5031","136350400","28027759500","1032330"
"051910","LG화학","317500","7000","2.25","311500","318000","311000","168990","53372445000","22413068902500","70592343"
"051915","LG화학우","173000","3500","2.06","169500","173000","168500","22715","3898304500","1330162400000","7688800"
"079550","LIG넥스원","31600","450","1.44","31750","31900","31450","89073","2817144250","695200000000","22000000"
"006260","LS","47800","300","0.63","47500","47950","47500","43793","2091817350","1539160000000","32200000"
"000680","LS네트웍스","2310","0","0.00","2315","2340","2305","10337","23944465","182034966960","78803016"
"010120","LS산전","54600","900","1.68","54100","54800","53200","46586","2530874200","1638000000000","30000000"
"229640","LS전선아시아","8020","70","0.88","7950","8110","7930","114971","922100530","245611529580","30624879"
"023150","MH에탄올","6140","-50","-0.81","6180","6190","6110","1431","8786750","45304149640","7378526"
"035420","NAVER","186500","3000","1.63","183500","190000","183500","376541","70555278000","30737698167500","164813395"
"181710","NHN","66800","1400","2.14","65400","67100","64800","54421","3586298300","1306943670000","19565025"
"005940","NH투자증권","12700","-250","-1.93","12950","12950","12600","1041858","13254280200","3573892864900","281408887"
"005945","NH투자증권우","8830","-130","-1.45","8960","9000","8830","134110","1190321950","166630647440","18870968"
"338100","NH프라임리츠","6090","-50","-0.81","6140","6140","6040","154046","936523240","113639400000","18660000"
"034310","NICE","20900","200","0.97","20700","21150","20600","33432","696983650","791740070000","37882300"
"008260","NI스틸","2210","-35","-1.56","2245","2245","2200","36914","81617775","63206258570","28600117"
"004250","NPC","3745","-80","-2.09","3840","3880","3740","14837","55794790","137516400000","36720000"
"004255","NPC우","2295","20","0.88","2290","2295","2290","316","725105","12117600000","5280000"
"010060","OCI","62600","-100","-0.16","62800","63000","62200","55375","3473860500","1492970624600","23849371"
"005490","POSCO","236500","-2000","-0.84","238500","239000","236500","151194","35854657000","20619686477500","87186835"
"100840","S&TC","19800","-50","-0.25","19850","19900","19600","13998","276347500","148632877800","7506711"
"064960","S&T모티브","42750","450","1.06","42350","43000","42150","34957","1488687450","625139064000","14623136"
"003570","S&T중공업","6610","80","1.23","6590","6780","6400","18686","124777160","219800327170","33252697"
"036530","S&T홀딩스","15450","-200","-1.28","15650","15650","15250","4458","68609700","251895038700","16303886"
"010950","S-Oil","95300","-800","-0.83","96300","96800","94400","184427","17614683200","10729140077600","112582792"
"010955","S-Oil우","54400","-500","-0.91","55800","55800","54300","5020","274521400","218792828800","4021927"
"034120","SBS","20800","950","4.79","20150","20800","19900","72385","1468132550","379653705600","18252582"
"101060","SBS미디어홀딩스","2045","-15","-0.73","2055","2060","2035","57620","117933030","286087708550","139896190"
"004060","SG세계물산","904","16","1.80","888","935","888","2436442","2230141939","182992163840","202424960"
"001380","SG충방","1725","10","0.58","1710","1740","1700","170720","293852145","77563146675","44964143"
"002360","SH에너지화학","1020","10","0.99","1010","1025","1010","303148","308043205","113356404600","111133730"
"009160","SIMPAC","2945","15","0.51","2930","2980","2910","81589","240873725","192689924620","65429516"
"123700","SJM","3840","-40","-1.03","3880","3910","3840","12627","48965315","59922808320","15604898"
"025530","SJM홀딩스","3235","-50","-1.52","3285","3295","3200","14036","45424195","48311515880","14934008"
"034730","SK","262000","-500","-0.19","263000","263000","260000","67905","17724450500","18434397814000","70360297"
"011790","SKC","51000","500","0.99","50400","51200","50000","144005","7269807100","1914262305000","37534555"
"018670","SK가스","84600","-600","-0.70","85300","85700","84400","5391","457512000","773394672600","9141781"
"001740","SK네트웍스","5940","-30","-0.50","5960","5970","5890","504893","2995392650","1474234623180","248187647"
"001745","SK네트웍스우","76700","-200","-0.26","76600","77300","76600","487","37463700","8716801600","113648"
"006120","SK디스커버리","26150","550","2.15","25600","26300","25550","80181","2084312750","497839908250","19037855"
"006125","SK디스커버리우","16550","150","0.91","16400","16600","16300","11193","184434700","22482430250","1358455"
"210980","SK디앤디","29100","-100","-0.34","29150","29400","28900","3252","94830300","552613772400","18990164"
"03473K","SK우","187000","1500","0.81","186000","190500","182500","27489","5121755000","105867245000","566135"
"096770","SK이노베이션","150000","-1000","-0.66","151000","151500","149500","156222","23486653500","13869834600000","92465564"
"096775","SK이노베이션우","112000","-1500","-1.32","114000","114000","110500","12934","1442300000","139823712000","1248426"
"001510","SK증권","607","0","0.00","608","609","605","512513","311029877","286862233797","472590171"
"001515","SK증권우","2810","5","0.18","2835","2835","2785","10594","29750725","10994164340","3912514"
"285130","SK케미칼","64000","1000","1.59","63000","64000","62800","186188","11812042400","751449344000","11741396"
"28513K","SK케미칼우","28800","150","0.52","28550","29100","28550","29191","842349350","42009696000","1458670"
"017670","SK텔레콤","238000","500","0.21","239000","239000","237000","96960","23071880000","19217479218000","80745711"
"000660","SK하이닉스","94100","-1900","-1.98","95600","96300","94100","1862634","176605784000","68505022546500","728002365"
"005610","SPC삼립","87200","1000","1.16","86500","87700","86400","6121","533587000","752449584800","8629009"
"011810","STX","8010","-50","-0.62","8000","8100","7850","28820","228434360","158012485020","19726902"
"077970","STX엔진","6780","80","1.19","6700","6810","6700","7907","53575260","156000369120","23008904"
"071970","STX중공업","3055","15","0.49","3140","3140","2885","130073","390439785","85789688205","28081731"
"084870","TBH글로벌","2750","50","1.85","2700","2750","2675","51305","139335025","57356252250","20856819"
"002710","TCC스틸","2720","5","0.18","2715","2720","2690","7832","21225685","60771600000","22342500"
"024070","WISCOM","2660","-35","-1.30","2695","2725","2650","14936","39945605","40768325080","15326438"
"037270","YG PLUS","1370","80","6.20","1285","1630","1285","14002336","20966990010","79693864480","58170704"
"000500","가온전선","23300","550","2.42","23000","23700","22500","19004","437157150","96936085100","4160347"
"000860","강남제비스코","20350","-50","-0.25","20150","20350","20150","1576","31943350","132275000000","6500000"
"035250","강원랜드","29600","-50","-0.17","29800","29800","29450","160145","4740751400","6332638800000","213940500"
"011420","갤럭시아에스엠","1485","-25","-1.66","1510","1540","1485","40592","60797800","40911221340","27549644"
"002100","경농","11350","-150","-1.30","11450","11550","11300","61829","704763550","246201362500","21691750"
"009450","경동나비엔","46600","-650","-1.38","47300","47300","46500","51710","2413318500","593661166000","12739510"
"267290","경동도시가스","21250","50","0.24","21300","21300","21050","4419","93806700","125277377500","5895406"
"012320","경동인베스트","36650","200","0.55","36500","36750","36000","3454","125234650","86678092950","2365023"
"000050","경방","9280","-130","-1.38","9400","9440","9220","84373","783136240","254413705600","27415270"
"214390","경보제약","8260","110","1.35","8150","8280","8140","16476","135658630","197470663600","23906860"
"012610","경인양행","7740","50","0.65","7720","7760","7630","189117","1458159770","315686465100","40786365"
"009140","경인전자","20600","350","1.73","20450","20950","20000","1223","24873400","32358418200","1570797"
"013580","계룡건설","20250","100","0.50","20250","20300","19950","3734","75074400","180850866750","8930907"
"012200","계양전기","2865","10","0.35","2860","2865","2840","50291","143619865","93399000000","32600000"
"012205","계양전기우","6510","40","0.62","6470","6630","6470","8290","54244370","9114000000","1400000"
"004200","고려개발","8450","60","0.72","8460","8460","8260","5140","42733630","128604301800","15219444"
"002140","고려산업","3360","90","2.75","3245","3370","3245","174465","580495895","83796468000","24939425"
"010130","고려아연","425000","-500","-0.12","429500","430500","425000","30722","13125529000","8019750000000","18870000"
"002240","고려제강","20550","250","1.23","20600","20700","20100","10617","217287600","411000000000","20000000"
"009290","광동제약","6650","40","0.61","6620","6680","6600","77243","513946400","348598659150","52420851"
"017040","광명전기","2280","-40","-1.72","2300","2375","2260","54612","125077960","98809762200","43337615"
"017900","광전자","2155","20","0.94","2140","2170","2115","49857","106773985","124868809265","57943763"
"037710","광주신세계","164000","-500","-0.30","165000","165000","163500","781","128197500","262400000000","1600000"
"030610","교보증권","9220","-80","-0.86","9300","9320","9210","34586","319459240","331920000000","36000000"
"007690","국도화학","47050","-550","-1.16","47950","47950","46950","4529","213732800","273389482800","5810616"
"005320","국동","1235","5","0.41","1245","1245","1225","160983","199174010","34081252660","27596156"
"002720","국제약품","4630","115","2.55","4515","4665","4515","257101","1185324275","85194407600","18400520"
"083420","그린케미칼","3455","15","0.44","3420","3480","3415","45630","156817670","82920000000","24000000"
"014530","극동유화","3445","-30","-0.86","3475","3475","3400","75612","260092120","120125151900","34869420"
"014280","금강공업","3815","0","0.00","3815","3825","3680","21590","82013155","93168857985","24421719"
"014285","금강공업우","8360","80","0.97","8350","8370","8350","1084","9053660","4931355000","589875"
"008870","금비","63400","0","0.00","63400","63600","63000","281","17813400","63400000000","1000000"
"001570","금양","2400","120","5.26","2225","2900","2070","2604758","6554848795","105715524000","44048135"
"002990","금호산업","11500","150","1.32","11300","11500","11250","94310","1076370550","414406513500","36035349"
"002995","금호산업우","37000","-1000","-2.63","37650","38150","37000","7399","276003900","10813842000","292266"
"011780","금호석유","77500","-500","-0.64","79300","79300","77000","49213","3811776200","2361246052500","30467691"
"011785","금호석유우","32900","-400","-1.20","33100","33500","32700","4315","142666450","99472689400","3023486"
"214330","금호에이치티","5880","200","3.52","5620","6640","5500","7491498","46187698580","137476105200","23380290"
"001210","금호전기","4290","-105","-2.39","4400","4400","4150","203211","871083505","44043971400","10266660"
"073240","금호타이어","4195","115","2.82","4080","4200","4055","450666","1875271065","1205056903965","287260287"
"092440","기신정기","3775","25","0.67","3770","3790","3760","26825","101315425","110230000000","29200000"
"000270","기아차","44300","-50","-0.11","44350","44950","44000","644977","28644726150","17957596272100","405363347"
"024110","기업은행","11800","-100","-0.84","11850","11900","11750","905560","10697469500","6810452352200","577156979"
"013700","까뮤이앤씨","1270","5","0.40","1255","1275","1245","907218","1143844205","57343395600","45152280"
"004540","깨끗한나라","2390","10","0.42","2380","2400","2360","52521","125489705","89005256270","37240693"
"004545","깨끗한나라우","17650","-200","-1.12","17750","17900","17350","3405","59671500","6462724000","366160"
"074610","나노메딕스","7790","220","2.91","7670","7840","7550","599200","4627171470","273413342100","35097990"
"001260","남광토건","11300","-150","-1.31","11450","11550","11250","40631","462054550","111063304300","9828611"
"008350","남선알미늄","3230","5","0.16","3230","3290","3195","3908377","12668826480","355878460700","110179090"
"008355","남선알미우","29200","1350","4.85","28100","30600","27050","108045","3140267850","8990388000","307890"
"004270","남성","3150","70","2.27","3105","3310","3070","1473364","4689614710","114068304000","36212160"
"003920","남양유업","439500","8500","1.97","432500","439500","432000","730","319073000","316440000000","720000"
"003925","남양유업우","148500","1000","0.68","148500","148500","148000","11","1632500","24749307000","166662"
"002070","남영비비안","20500","-900","-4.21","21200","21450","20300","86605","1803511200","140792872500","6867945"
"025860","남해화학","8160","10","0.12","8150","8180","8100","84109","683872630","405379358880","49678843"
"005720","넥센","6050","10","0.17","6040","6060","6020","8542","51560370","323941060850","53543977"
"005725","넥센우","3400","-70","-2.02","3500","3500","3350","610","2058555","12242040000","3600600"
"002350","넥센타이어","9130","20","0.22","9190","9190","9000","64208","585452000","891707717010","97667877"
"002355","넥센타이어1우B","3440","5","0.15","3435","3450","3430","820","2820775","22360000000","6500000"
"003580","넥스트사이언스","8090","190","2.41","7870","8180","7810","1239195","9963315520","230032168330","28434137"
"251270","넷마블","92400","2200","2.44","90600","92700","90500","171933","15798653500","7922797713600","85744564"
"090350","노루페인트","8150","-40","-0.49","8190","8250","8070","41545","338742820","163000000000","20000000"
"090355","노루페인트우","13050","200","1.56","12850","13100","12650","7331","94416700","6043794300","463126"
"000320","노루홀딩스","12500","50","0.40","12400","12600","12300","3680","45766000","166139387500","13291151"
"000325","노루홀딩스우","18600","-650","-3.38","19150","19350","18400","20837","389676600","3445650000","185250"
"006280","녹십자","132500","500","0.38","131500","132500","130500","13290","1752915000","1548466285000","11686538"
"005250","녹십자홀딩스","22250","350","1.60","22000","22250","21750","27516","606394400","1046377672500","47028210"
"005257","녹십자홀딩스2우","18050","50","0.28","18000","18150","17700","2870","51358150","15270119500","845990"
"004370","농심","240500","3000","1.26","237500","242000","237500","11785","2835721500","1462875401000","6082642"
"072710","농심홀딩스","78500","100","0.13","78400","78600","77800","307","24030900","364066515000","4637790"
"058730","다스코","6960","60","0.87","6890","7000","6790","206536","1425971550","107184000000","15400000"
"023590","다우기술","19000","0","0.00","19100","19350","18950","68986","1319032150","852465723000","44866617"
"019680","대교","6100","10","0.16","6080","6130","6000","78457","476454550","516687385000","84702850"
"019685","대교우B","4160","-15","-0.36","4170","4275","4155","2185","9129110","80816278400","19426990"
"006370","대구백화점","5990","80","1.35","5940","6020","5870","6531","38892120","64821449890","10821611"
"008060","대덕전자","10450","-100","-0.95","10550","10550","10350","322151","3358990200","815172857400","78006972"
"00806K","대덕전자1우","6360","-20","-0.31","6380","6390","6330","13530","85889910","21038091360","3307876"
"000490","대동공업","5680","0","0.00","5700","5710","5660","42835","243656330","134776232800","23728210"
"008110","대동전자","3655","55","1.53","3665","3665","3570","7801","28185945","38342583785","10490447"
"005750","대림B&Co","4175","15","0.36","4160","4225","4150","6791","28323300","69606602000","16672240"
"000210","대림산업","90500","1700","1.91","89000","90600","88600","101139","9128586400","3149400000000","34800000"
"000215","대림산업우","41300","450","1.10","40950","41600","40750","6015","247795550","156940000000","3800000"
"004440","대림씨엔에스","7620","20","0.26","7540","7630","7540","4061","30866630","97017436140","12731947"
"006570","대림통상","4120","-30","-0.72","4150","4150","4000","3791","15310720","62727000000","15225000"
"001680","대상","23200","-100","-0.43","23350","23400","23050","55550","1289842850","803834180000","34648025"
"001685","대상우","13250","0","0.00","13250","13300","13100","1272","16829900","18155454750","1370223"
"084690","대상홀딩스","6740","-110","-1.61","6890","6890","6720","20538","138810470","244072506120","36212538"
"084695","대상홀딩스우","6020","-50","-0.82","6090","6090","5980","4141","24853070","5499161640","913482"
"128820","대성산업","3505","5","0.14","3530","3530","3475","13025","45558940","158550350390","45235478"
"117580","대성에너지","5240","-40","-0.76","5280","5280","5150","35488","184363470","144100000000","27500000"
"016710","대성홀딩스","8330","110","1.34","8220","8570","8100","12925","106691170","134025193470","16089459"
"003540","대신증권","11950","0","0.00","11950","11950","11800","89190","1060453750","606742130000","50773400"
"003547","대신증권2우B","8290","10","0.12","8280","8310","8250","6789","56189290","82900000000","10000000"
"003545","대신증권우","8960","-10","-0.11","8970","9000","8950","36019","322751240","232960000000","26000000"
"009190","대양금속","15050","-1050","-6.52","15900","16550","15050","228936","3585059100","185384891650","12317933"
"014160","대영포장","1110","5","0.45","1105","1115","1100","352574","389435745","120317949390","108394549"
"047040","대우건설","4740","45","0.96","4700","4770","4670","637066","3021000585","1970051304120","415622638"
"009320","대우부품","2100","45","2.19","2050","2130","2050","276500","581137415","100057387500","47646375"
"042660","대우조선해양","27850","-50","-0.18","28100","28300","27800","119328","3343075050","2985680193200","107205752"
"003090","대웅","12950","50","0.39","12850","13100","12850","41248","534719500","752938641000","58141980"
"069620","대웅제약","137500","2000","1.48","136500","138000","134500","19752","2703723500","1593154062500","11586575"
"000430","대원강업","3395","5","0.15","3390","3425","3390","8389","28480450","210490000000","62000000"
"006340","대원전선","1165","5","0.43","1150","1175","1150","134853","157245680","79344854215","68107171"
"006345","대원전선우","2860","-15","-0.52","2600","2860","2600","5755","16124765","7496632000","2621200"
"003220","대원제약","17300","200","1.17","17100","17300","17050","33021","568437500","340164312100","19662677"
"024890","대원화성","1420","10","0.71","1410","1430","1400","113049","160141495","58573795840","41249152"
"002880","대유에이텍","898","22","2.51","886","912","881","645507","581006485","96010556326","106915987"
"000300","대유플러스","775","16","2.11","759","777","755","137651","105947209","81615994000","105310960"
"012800","대창","1425","15","1.06","1420","1430","1390","2708554","3820866695","129875211075","91140499"
"015230","대창단조","28850","100","0.35","28900","29000","28500","1895","54663200","82430883550","2857223"
"001070","대한방직","20150","100","0.50","20050","20400","19750","3312","66238250","106795000000","5300000"
"006650","대한유화","117500","-1000","-0.84","118000","118000","116500","21798","2552227500","763750000000","6500000"
"001440","대한전선","616","1","0.16","616","620","613","571302","351947870","527587373544","856473009"
"084010","대한제강","6030","30","0.50","5980","6030","5880","46253","274915630","148619806020","24646734"
"001790","대한제당","19950","450","2.31","20150","20150","19450","18524","368034600","176358039900","8840002"
"001799","대한제당3우B","26250","-150","-0.57","26000","26350","26000","115","3015000","3403470000","129656"
"001795","대한제당우","12950","0","0.00","13100","13100","12900","1037","13404100","8395174200","648276"
"001130","대한제분","147500","2000","1.37","147000","147500","143000","932","135765500","249275000000","1690000"
"003490","대한항공","28500","200","0.71","28750","28850","28300","428087","12230332950","2703072069000","94844634"
"003495","대한항공우","19800","500","2.59","23200","23800","19500","632179","13405390300","21993721200","1110794"
"005880","대한해운","23000","-300","-1.29","23300","23350","22900","54716","1265162750","561809592000","24426504"
"003830","대한화섬","89500","300","0.34","89300","91800","89100","256","22907400","118856000000","1328000"
"016090","대현","2495","-30","-1.19","2525","2530","2470","68604","171324450","110484363450","44282310"
"069460","대호에이엘","2820","-430","-13.23","3185","3210","2440","7706794","21387930735","76520245980","27134839"
"192080","더블유게임즈","49850","250","0.50","49400","49850","49300","43771","2173946500","910286024700","18260502"
"012510","더존비즈온","81000","700","0.87","80800","81000","80000","117618","9508023600","2403488700000","29672700"
"004830","덕성","2920","20","0.69","2895","2945","2895","26393","76729100","45785600000","15680000"
"004835","덕성우","3530","115","3.37","3415","3585","3390","84319","292988400","4913760000","1392000"
"024900","덕양산업","1245","-15","-1.19","1275","1280","1245","483436","608149025","40543400100","32564980"
"145720","덴티움","53800","400","0.75","53600","54200","52000","21975","1169648000","595503054000","11068830"
"002150","도화엔지니어링","8930","-50","-0.56","8990","8990","8750","107160","949857460","301119600000","33720000"
"001230","동국제강","5950","20","0.34","5980","6000","5890","181040","1075056620","567824785150","95432737"
"023450","동남합성","24850","-500","-1.97","25350","25350","24850","21","524700","90001431800","3621788"
"004140","동방","1555","0","0.00","1545","1575","1545","111522","173522065","52038989340","33465588"
"007590","동방아그로","6870","30","0.44","6820","6880","6820","8610","58893320","93552753990","13617577"
"005960","동부건설","8540","110","1.30","8500","8560","8310","59332","498550950","186380376000","21824400"
"005965","동부건설우","21100","50","0.24","21100","21850","20800","479","10210950","4762945200","225732"
"016380","동부제철","7800","500","6.85","8400","8840","7800","384404","3168622710","780069396600","100008897"
"016385","동부제철우","75400","3900","5.45","82000","82000","75000","4666","361362800","4025229000","53385"
"083370","동북아12호","5000","-10","-0.20","0","0","0","0","0","7928300000","1585660"
"083380","동북아13호","5000","0","0.00","5000","5000","5000","5740","28700000","7928300000","1585660"
"026960","동서","17400","-150","-0.85","17650","17650","17200","141784","2451148650","1734780000000","99700000"
"002210","동성제약","16050","50","0.31","16000","16150","15900","170180","2730320100","418435505400","26070748"
"102260","동성코퍼레이션","5220","-40","-0.76","5230","5240","5160","51245","266001050","237222743400","45444970"
"005190","동성화학","18200","0","0.00","18200","18750","18100","26440","485990850","97107264800","5335564"
"000640","동아쏘시오홀딩스","107500","1000","0.94","107500","107500","106000","4180","447545500","659866927500","6138297"
"170900","동아에스티","119000","2000","1.71","117500","119500","117000","12110","1432418500","1004820292000","8443868"
"028100","동아지질","19150","550","2.96","18650","19150","18500","124795","2351279300","220225000000","11500000"
"282690","동아타이어","12350","50","0.41","12300","12350","12200","2323","28568750","169602735250","13733015"
"001520","동양","1435","30","2.14","1405","1450","1395","339988","485241950","342511630405","238684063"
"001527","동양2우B","9360","0","0.00","9360","9360","9250","182","1702630","2888205840","308569"
"001529","동양3우B","28450","200","0.71","28000","28850","28000","851","24090100","2552590900","89722"
"084670","동양고속","27250","300","1.11","26950","27250","26650","4828","130316050","78904255250","2895569"
"030790","동양네트웍스","526","16","3.14","510","527","506","1432243","744265745","53246006374","101228149"
"002900","동양물산","1290","40","3.20","1265","1355","1245","23141682","30206052630","148851681000","115388900"
"082640","동양생명","4000","-70","-1.72","4090","4090","3975","231098","929430165","645434340000","161358585"
"001525","동양우","6560","370","5.98","6260","6570","6230","233","1512590","4052315360","617731"
"008970","동양철관","1040","5","0.48","1040","1050","1035","280357","291779005","123640701600","118885290"
"092780","동양피스톤","4815","40","0.84","4775","4840","4750","21996","105559180","63406134900","13168460"
"049770","동원F&B","226000","500","0.22","231000","231000","224000","3186","719891500","872162024000","3859124"
"018500","동원금속","879","-1","-0.11","880","888","871","111146","97592963","41097586107","46754933"
"006040","동원산업","211500","2000","0.95","207000","212000","207000","1085","228586000","777821071500","3677641"
"030720","동원수산","10150","-550","-5.14","10800","10800","10100","140302","1457317450","47236120750","4653805"
"014820","동원시스템즈","29400","-150","-0.51","29200","29800","29150","9745","286917350","753184223400","25618511"
"014825","동원시스템즈우","30300","300","1.00","29050","30300","29050","436","13010350","8040347400","265358"
"163560","동일고무벨트","5510","40","0.73","5480","5600","5480","9001","49840810","73558500000","13350000"
"004890","동일산업","57900","100","0.17","58100","58400","57200","1651","94850400","140419948500","2425215"
"002690","동일제강","2485","5","0.20","2480","2515","2475","58198","144623235","37275000000","15000000"
"000020","동화약품","8310","170","2.09","8110","8420","8110","198584","1656632670","232110515700","27931470"
"000150","두산","70300","0","0.00","70300","70700","70100","35973","2530852700","1161625600500","16523835"
"000157","두산2우B","61500","-100","-0.16","61600","61600","61000","489","29923600","54921837000","893038"
"011160","두산건설","1385","-20","-1.42","1405","1410","1385","223163","311998960","456907497350","329897110"
"241560","두산밥캣","34350","-800","-2.28","35300","35300","34250","111027","3843056100","3443558852100","100249166"
"336370","두산솔루스","20350","150","0.74","20600","21150","20150","257272","5272581150","622501575300","30589758"
"33637K","두산솔루스1우","7100","20","0.28","7140","7190","7070","32846","233987010","52301440000","7366400"
"33637L","두산솔루스2우B","25200","0","0.00","26300","27350","25200","324015","8500506100","41480460000","1646050"
"000155","두산우","61700","100","0.16","61600","62000","61500","3035","187469300","246581705400","3996462"
"042670","두산인프라코어","5550","80","1.46","5500","5570","5460","627822","3476084760","1155295098450","208161279"
"034020","두산중공업","5720","-20","-0.35","5720","5770","5690","505643","2895385720","1156280125000","202146875"
"336260","두산퓨얼셀","8760","190","2.22","8720","9010","8620","3188245","28195059540","486125039760","55493726"
"33626K","두산퓨얼셀1우","4375","25","0.57","4360","4460","4355","67391","296430745","58468375000","13364200"
"33626L","두산퓨얼셀2우B","12100","-50","-0.41","12350","12750","12100","155052","1920271150","36134230000","2986300"
"016740","두올","3140","0","0.00","3150","3150","3100","64205","200381810","84989375200","27066680"
"192650","드림텍","6770","370","5.78","6590","7080","6560","4970484","34037587180","413410842090","61065117"
"024090","디씨엠","12150","-100","-0.82","12250","12250","12000","4989","60222850","142155000000","11700000"
"003160","디아이","3490","-10","-0.29","3500","3590","3445","1050375","3685157865","109923779650","31496785"
"092200","디아이씨","2070","-35","-1.66","2110","2130","2020","484509","993041855","80499337830","38888569"
"013570","디와이","5630","-30","-0.53","5670","5680","5610","70923","400000650","148179533790","26319633"
"210540","디와이파워","10100","-50","-0.49","10050","10200","10000","29359","296431450","111521250800","11041708"
"007340","디티알오토모티브","29350","0","0.00","29350","29550","29350","2320","68266950","293324046750","9994005"
"026890","디피씨","5170","50","0.98","5120","5240","5120","474280","2459276640","215476164750","41678175"
"115390","락앤락","14300","400","2.88","13800","14400","13800","82377","1169754950","774868380000","54186600"
"032350","롯데관광개발","14300","150","1.06","14350","14750","14100","278412","3995825300","990641966600","69275662"
"330590","롯데리츠","6160","-70","-1.12","6230","6230","6140","472652","2914692660","1059328325440","171968884"
"000400","롯데손해보험","2075","-5","-0.24","2075","2075","2035","71330","146871545","643947864000","310336320"
"023530","롯데쇼핑","135500","1500","1.12","134000","136500","133000","56791","7682010500","3833126302500","28288755"
"004000","롯데정밀화학","45150","200","0.44","45200","45200","44650","41395","1859769100","1164870000000","25800000"
"286940","롯데정보통신","41250","300","0.73","41150","41400","40800","23229","957399150","635098653750","15396331"
"280360","롯데제과","149500","1000","0.67","149000","149500","148000","782","116599000","959299191500","6416717"
"004990","롯데지주","38950","100","0.26","38850","39000","38500","62973","2443390350","4086214781150","104909237"
"00499K","롯데지주우","61800","-700","-1.12","62300","63500","61700","21590","1347459800","61035101400","987623"
"005300","롯데칠성","140000","1000","0.72","140000","141000","138000","12050","1678379000","1119084400000","7993460"
"005305","롯데칠성우","72200","500","0.70","71300","72200","71300","1172","83717800","55977382000","775310"
"011170","롯데케미칼","224000","-4500","-1.97","228500","229000","223000","113754","25554835500","7677693856000","34275419"
"002270","롯데푸드","413000","-500","-0.12","413500","414000","410500","2175","895955000","467462310000","1131870"
"071840","롯데하이마트","30900","100","0.32","30900","31100","30600","61402","1894709800","729478300800","23607712"
"027740","마니커","811","10","1.25","803","816","801","1880408","1521074195","128521273734","158472594"
"204320","만도","35200","500","1.44","34550","35400","34450","220708","7752200850","1652890624000","46957120"
"001080","만호제강","15700","-50","-0.32","15750","15800","15500","2926","45463650","65155000000","4150000"
"088980","맥쿼리인프라","11600","-50","-0.43","11650","11700","11600","582960","6780922750","4048914297600","349044336"
"094800","맵스리얼티1","4945","-45","-0.90","4990","4990","4945","55654","276814740","459065766795","92834331"
"015540","메디파트너생명공학","5260","-120","-2.23","5380","5530","5220","65256","345408290","40394080580","7679483"
"138040","메리츠금융지주","11800","200","1.72","11600","11800","11550","103184","1208084450","1654646905200","140224314"
"008560","메리츠종금증권","3790","-100","-2.57","3890","3895","3775","2604323","9942048900","2339607556790","617310701"
"000060","메리츠화재","17850","-200","-1.11","18050","18100","17850","99824","1789236850","2029188000000","113680000"
"090370","메타랩스","1310","0","0.00","1315","1325","1295","215627","281224555","68524771660","52308986"
"017180","명문제약","4875","120","2.52","4740","4895","4740","232934","1130477635","119632500000","24540000"
"012690","모나리자","3630","15","0.41","3605","3665","3605","99426","360961365","132753655650","36571255"
"005360","모나미","3670","20","0.55","3660","3705","3610","514450","1880717720","69353116690","18897307"
"204210","모두투어리츠","3130","5","0.16","3260","3260","3120","979","3075435","24497930950","7826815"
"009680","모토닉","8850","70","0.80","8750","8870","8750","16970","149479840","292050000000","33000000"
"009580","무림P&P","4225","-70","-1.63","4285","4285","4215","151081","640237805","263506168900","62368324"
"009200","무림페이퍼","2485","-5","-0.20","2490","2490","2460","45211","111723065","103399135350","41609310"
"033920","무학","8490","-30","-0.35","8590","8590","8480","10162","86459780","241965000000","28500000"
"008420","문배철강","2560","-5","-0.19","2550","2570","2540","42728","109091605","52488972800","20503505"
"025560","미래산업","133","3","2.31","131","134","129","12684842","1665994984","112148047200","843218400"
"007120","미래아이앤지","325","6","1.88","319","328","319","171250","55562831","42082348100","129484148"
"006800","미래에셋대우","7550","-150","-1.95","7720","7720","7550","1459568","11091560830","4970288880400","658316408"
"00680K","미래에셋대우2우B","4100","-45","-1.09","4135","4135","4085","321766","1320626455","574000000000","140000000"
"006805","미래에셋대우우","4640","-50","-1.07","4700","4700","4620","21966","101782875","65311480000","14075750"
"085620","미래에셋생명","4135","-5","-0.12","4140","4165","4100","48352","199955840","731961941515","177016189"
"002840","미원상사","57000","-200","-0.35","58300","58300","57000","1513","86556800","290016000000","5088000"
"268280","미원에스씨","72200","-1200","-1.63","73400","73400","72000","661","47739800","380341730200","5267891"
"107590","미원홀딩스","41100","150","0.37","40500","41150","40500","2172","88717750","95835911400","2331774"
"134380","미원화학","44600","-900","-1.98","45500","45500","44500","642","28950400","98087352800","2199268"
"003650","미창석유","79400","500","0.63","78900","79400","78900","124","9822300","138129956800","1739672"
"155900","바다로19호","2915","-10","-0.34","2920","2920","2900","23398","67906990","44308011660","15200004"
"003610","방림","2135","5","0.23","2130","2135","2050","39180","81487145","90340582150","42314090"
"001340","백광산업","2460","25","1.03","2435","2465","2435","55211","135322070","110499281220","44918407"
"014580","백광소재","4345","65","1.52","4290","4350","4255","264227","1138131925","119848569500","27583100"
"035150","백산","8990","90","1.01","9000","9000","8840","133627","1193295060","217558000000","24200000"
"002410","범양건영","3270","-90","-2.68","3350","3380","3155","2983665","9675618300","81200025240","24831812"
"096300","베트남개발1","356","0","0.00","358","358","355","56461","20145473","46063186388","129390973"
"007210","벽산","1925","10","0.52","1905","1950","1880","455729","871103775","131978000000","68560000"
"002760","보락","2040","5","0.25","2030","2045","2015","340892","691068270","122196000000","59900000"
"003850","보령제약","16600","150","0.91","16350","16700","16350","244186","4036835500","733720000000","44200000"
"000890","보해양조","1130","-10","-0.88","1150","1165","1125","4085257","4655860020","142400631540","126018258"
"003000","부광약품","14350","150","1.06","14300","14400","14100","134590","1922132700","911675116450","63531367"
"001270","부국증권","20850","-300","-1.42","21150","21400","20800","1338","27968900","216212123100","10369886"
"001275","부국증권우","18650","0","0.00","18750","18750","18600","401","7480700","55950000000","3000000"
"026940","부국철강","5230","110","2.15","5100","5240","5090","343498","1777339320","104600000000","20000000"
"015350","부산가스","35700","0","0.00","35850","35850","35550","242","8643250","392700000000","11000000"
"011390","부산산업","145500","-500","-0.34","144500","147000","144000","13517","1963317000","153648000000","1056000"
"005030","부산주공","469","-3","-0.64","469","499","454","1010675","484239049","19876960551","42381579"
"100220","비상교육","7770","-60","-0.77","7830","7830","7720","13669","105998140","100984677570","12996741"
"101140","비티원","2985","-35","-1.16","2980","3055","2935","122667","364963470","118389849135","39661591"
"005180","빙그레","56000","700","1.27","55500","56100","54800","21365","1192378900","551669496000","9851241"
"003960","사조대림","16000","0","0.00","16150","16150","15900","11057","176827900","146631472000","9164467"
"008040","사조동아원","1005","5","0.50","996","1010","996","517979","518483149","141850323000","141144600"
"007160","사조산업","37300","0","0.00","37300","37800","37300","5120","191516350","186500000000","5000000"
"014710","사조씨푸드","5290","30","0.57","5310","5330","5250","17696","93301060","91086092470","17218543"
"006090","사조오양","7570","0","0.00","7570","7680","7530","12844","97181900","71330134230","9422739"
"005090","삼광글라스","30500","0","0.00","30650","30700","30350","1816","55299800","148059749000","4854418"
"001470","삼부토건","717","18","2.58","696","720","696","1254575","890166982","97612605855","136140315"
"006400","삼성SDI","236000","3000","1.29","233500","236000","233000","193665","45585380500","16228429080000","68764530"
"006405","삼성SDI우","92300","1600","1.76","90700","93700","90700","7783","719886200","149331800800","1617896"
"006660","삼성공조","7990","-50","-0.62","8040","8090","7920","6347","50720680","64929248860","8126314"
"028260","삼성물산","108500","-500","-0.46","109000","110500","108500","236635","25862589000","20581369665500","189690043"
"02826K","삼성물산우B","77800","1000","1.30","77000","78100","76800","4800","371379000","126614832000","1627440"
"207940","삼성바이오로직스","433000","3500","0.81","430000","442000","428500","136848","59484236000","28649445000000","66165000"
"032830","삼성생명","74500","100","0.13","74400","75200","74100","159239","11901784100","14900000000000","200000000"
"018260","삼성에스디에스","194500","-1000","-0.51","196500","196500","194000","57007","11101575000","15049982100000","77377800"
"028050","삼성엔지니어링","19200","-50","-0.26","19300","19350","19200","370235","7136138850","3763200000000","196000000"
"009150","삼성전기","125000","-500","-0.40","125500","126000","124500","294167","36832869500","9336712000000","74693696"
"009155","삼성전기우","50000","-300","-0.60","50300","50600","49450","13240","663273600","145349200000","2906984"
"005930","삼성전자","55800","-700","-1.24","56200","56600","55700","8356767","467929804000","333113866290000","5969782550"
"005935","삼성전자우","45400","-300","-0.66","45600","45850","45400","1913850","87341898579","37359056180000","822886700"
"001360","삼성제약","4195","75","1.82","4155","4320","4105","2896455","12191405690","247480375350","58994130"
"010140","삼성중공업","7270","80","1.11","7200","7290","7180","2104892","15283159640","4580100000000","630000000"
"010145","삼성중공우","62700","-100","-0.16","61900","64600","61900","495","30857200","7200781500","114845"
"016360","삼성증권","38600","-500","-1.28","39350","39350","38450","216118","8381050700","3446980000000","89300000"
"068290","삼성출판사","25350","-200","-0.78","25550","26450","25200","947396","24529669450","253500000000","10000000"
"029780","삼성카드","38600","50","0.13","38850","38950","38100","75092","2887059750","4472153192600","115858891"
"000810","삼성화재","243500","500","0.21","244500","244500","241500","58219","14125410500","11535772809500","47374837"
"000815","삼성화재우","166000","-1500","-0.90","168000","168500","165500","5091","845484500","529872000000","3192000"
"006110","삼아알미늄","4430","50","1.14","4380","4430","4325","7838","34126985","48730000000","11000000"
"145990","삼양사","50600","500","1.00","50700","50700","49900","8169","410976150","520664031800","10289803"
"145995","삼양사우","37350","550","1.49","36800","37450","36700","58","2148850","13822114500","370070"
"003230","삼양식품","89900","-100","-0.11","90500","90700","89600","11992","1081800800","677218048500","7533015"
"002170","삼양통상","59900","1000","1.70","58900","60100","58900","3467","205710200","179700000000","3000000"
"272550","삼양패키징","15750","100","0.64","15650","15800","15600","183544","2889725000","223804413000","14209804"
"000070","삼양홀딩스","67000","700","1.06","66600","67100","66000","5607","374742700","573806157000","8564271"
"000075","삼양홀딩스우","43600","-250","-0.57","43650","43700","43300","98","4262200","13256928800","304058"
"002810","삼영무역","15900","-150","-0.93","16050","16050","15700","9361","147914800","279946307400","17606686"
"005680","삼영전자","9020","-10","-0.11","9050","9090","8980","7470","67481800","180400000000","20000000"
"003720","삼영화학","998","7","0.71","991","1020","985","40873","40611835","33932000000","34000000"
"023000","삼원강재","3020","-30","-0.98","3055","3055","2990","4547","13687060","120800000000","40000000"
"004380","삼익THK","11600","-100","-0.85","11850","11850","11600","12726","148477900","243600000000","21000000"
"002450","삼익악기","1855","-15","-0.80","1875","1880","1845","251691","467505840","167934847325","90530915"
"000520","삼일제약","21050","-100","-0.47","21050","21300","20900","106774","2250713500","136825000000","6500000"
"009770","삼정펄프","32850","400","1.23","32600","32900","32550","578","18886200","82124047350","2499971"
"005500","삼진제약","24950","50","0.20","24700","25100","24700","19316","481295650","346805000000","13900000"
"004690","삼천리","84500","-100","-0.12","84600","84700","84100","1788","150966200","342649612500","4055025"
"001880","삼호","19850","250","1.28","19750","19950","19500","15147","299090800","301318355100","15179766"
"010960","삼호개발","4450","-35","-0.78","4485","4510","4400","46921","208000110","111250000000","25000000"
"004450","삼화왕관","45550","-100","-0.22","45600","45600","45150","136","6181500","98131963450","2154379"
"009470","삼화전기","15400","300","1.99","15300","15700","15100","102337","1569020750","101852828000","6613820"
"011230","삼화전자","2585","-30","-1.15","2615","2635","2565","30351","78713240","27033774900","10457940"
"001820","삼화콘덴서","52300","300","0.58","52200","52700","51400","179992","9367080100","543658500000","10395000"
"000390","삼화페인트","5140","50","0.98","5090","5170","5050","11355","58002490","135895180140","26438751"
"001290","상상인증권","1330","40","3.10","1305","1330","1265","162044","211956645","127824221210","96108437"
"041650","상신브레이크","3510","-10","-0.28","3520","3530","3470","50498","176339135","75364789500","21471450"
"075180","새론오토모티브","5050","370","7.91","4795","5060","4725","9835","48032685","96960000000","19200000"
"007540","샘표","40750","200","0.49","40650","40950","39900","7158","290701300","117188850000","2875800"
"248170","샘표식품","34000","0","0.00","34400","34400","33900","13020","443646400","155321724000","4568286"
"007860","서연","2920","-35","-1.18","2970","2970","2780","38757","112929420","68561144480","23479844"
"200880","서연이화","4935","-15","-0.30","4950","4950","4880","20022","98579495","133385336595","27028437"
"017390","서울가스","70600","-800","-1.12","72500","72700","70600","95","6842100","353000000000","5000000"
"004410","서울식품","176","0","0.00","175","177","174","536923","94046785","59384160000","337410000"
"004415","서울식품우","3395","-20","-0.59","3435","3460","3385","20987","71407970","7552177500","2224500"
"021050","서원","2830","0","0.00","2875","2970","2760","9987060","28577721035","134353089700","47474590"
"008490","서흥","35500","-100","-0.28","36000","36000","35100","4554","161248950","410703511500","11569113"
"007610","선도전기","3035","25","0.83","3010","3035","2985","27205","81793150","54630000000","18000000"
"136490","선진","9390","-20","-0.21","9410","9460","9370","15646","147438650","223290481560","23779604"
"002820","선창산업","4340","-40","-0.91","4315","4375","4270","3414","14734190","54718672260","12607989"
"014910","성문전자","2150","35","1.65","2115","2150","2115","48412","103329965","41896742550","19486857"
"014915","성문전자우","11250","350","3.21","11100","11250","10950","9171","101960700","6750000000","600000"
"003080","성보화학","4460","10","0.22","4450","4510","4440","8522","38054830","89289200000","20020000"
"004980","성신양회","6980","-70","-0.99","7000","7060","6900","124117","864520700","171122189540","24516073"
"004985","성신양회우","9760","-20","-0.20","9920","9920","9610","1440","14027670","7179895200","735645"
"011300","성안","660","49","8.02","612","742","612","21179785","14675044950","37526187600","56857860"
"000180","성창기업지주","1605","0","0.00","1590","1610","1590","27568","44063950","111951318000","69751600"
"002420","세기상사","57800","200","0.35","58400","59700","57100","332","19177700","23558817600","407592"
"004360","세방","11500","50","0.44","11450","11550","11300","12582","143493550","222049935000","19308690"
"004365","세방우","6610","0","0.00","6610","6610","6610","1","6610","24385942500","3689250"
"004490","세방전지","37300","350","0.95","37600","37600","36700","9057","337229050","522200000000","14000000"
"001430","세아베스틸","15250","-150","-0.97","15400","15450","15150","46305","705705850","546897314750","35862119"
"306200","세아제강","60900","-900","-1.46","62000","62000","60800","812","49689800","172730670000","2836300"
"003030","세아제강지주","47400","0","0.00","47250","47400","46650","2242","105399600","196314541800","4141657"
"019440","세아특수강","13450","-150","-1.10","13450","13600","13300","10224","137314050","115266500000","8570000"
"058650","세아홀딩스","78600","100","0.13","78500","78600","78200","43","3377600","314400000000","4000000"
"013000","세우글로벌","1990","25","1.27","1970","2015","1965","884557","1767137775","57123011690","28705031"
"091090","세원셀론텍","2880","85","3.04","2780","3040","2780","1227006","3579874530","175653480960","60990792"
"021820","세원정공","8090","0","0.00","0","0","0","0","0","80900000000","10000000"
"067830","세이브존I&C","3260","25","0.77","3235","3260","3195","39376","127723055","133793317700","41040895"
"033530","세종공업","4635","185","4.16","4450","4715","4405","188177","867080845","104539699620","22554412"
"075580","세진중공업","4585","-10","-0.22","4625","4625","4540","63986","292933385","175938921200","38372720"
"027970","세하","2490","100","4.18","2395","2505","2395","95760","234266715","73611862530","29562997"
"145210","세화아이엠씨","2990","0","0.00","0","0","0","0","0","87912180330","29402067"
"308170","센트랄모텍","15750","450","2.94","15300","15900","15300","650606","10164756900","132300000000","8400000"
"068270","셀트리온","181000","-3000","-1.63","183000","185000","180500","527906","95967517500","23229151393000","128337853"
"004430","송원산업","15550","200","1.30","15350","15650","15300","98144","1525186950","373200000000","24000000"
"017550","수산중공업","2530","-140","-5.24","2610","2625","2495","8576451","21928002890","136582462390","53985163"
"002200","수출포장","19800","-200","-1.00","20000","20300","19700","1862","37159100","79200000000","4000000"
"053210","스카이라이프","8720","-30","-0.34","8750","8770","8680","48742","425287820","417007543520","47821966"
"134790","시디즈","44250","1500","3.51","42750","46600","42750","3521","156985800","88500000000","2000000"
"016590","신대양제지","59500","-400","-0.67","60300","60300","59300","10929","652516100","239772029000","4029782"
"029530","신도리코","36900","-200","-0.54","37300","37300","36800","2633","97280700","371953070100","10080029"
"004970","신라교역","11900","0","0.00","11950","11950","11850","6790","80614400","190400000000","16000000"
"011930","신성이엔지","950","16","1.71","934","952","934","529176","501235853","165043675750","173730185"
"005390","신성통상","1545","0","0.00","1550","1565","1530","1508642","2333241010","222029462550","143708390"
"004170","신세계","289000","8000","2.85","282500","291500","279500","51145","14733362500","2845257309000","9845181"
"035510","신세계 I&C","107500","2500","2.38","105500","108000","105000","5523","592232000","184900000000","1720000"
"034300","신세계건설","26300","-100","-0.38","27050","27050","26250","2677","70644800","105200000000","4000000"
"031430","신세계인터내셔날","219500","6500","3.05","211500","222000","211500","50626","11130919000","1567230000000","7140000"
"031440","신세계푸드","70300","-100","-0.14","70400","70400","69500","1702","119366400","272235344000","3872480"
"006880","신송홀딩스","3980","30","0.76","3955","4075","3925","14889","58853175","47078854840","11828858"
"005800","신영와코루","100000","-2500","-2.44","102000","105000","100000","99","10111500","90000000000","900000"
"001720","신영증권","54400","0","0.00","54300","54700","54300","4253","231302300","510611292800","9386237"
"001725","신영증권우","52800","0","0.00","53100","53200","52400","1027","54097300","372438686400","7053763"
"009270","신원","1845","-5","-0.27","1830","1860","1830","377039","694961415","156903410655","85042499"
"009275","신원우","47500","100","0.21","47600","47600","47250","70","3312800","4310150000","90740"
"002700","신일산업","1855","5","0.27","1850","1860","1830","655929","1208723340","131793151455","71047521"
"019170","신풍제약","7240","270","3.87","7010","7270","6970","903900","6455635130","383611327600","52984990"
"019175","신풍제약우","5960","60","1.02","5850","6120","5850","20016","119758930","13112000000","2200000"
"002870","신풍제지","1495","0","0.00","1485","1500","1445","150124","220775285","52263256500","34958700"
"005450","신한","4945","0","0.00","0","0","0","0","0","34727938855","7022839"
"293940","신한알파리츠","7610","-50","-0.65","7730","7730","7560","98271","750976110","362465236030","47630123"
"055550","신한지주","43350","-750","-1.70","43800","43950","43150","1151434","49958753200","20556552096450","474199587"
"001770","신화실업","21450","100","0.47","21300","21500","21200","3522","75145100","26059133100","1214878"
"004080","신흥","9510","-90","-0.94","9750","9750","9500","156","1485450","91296000000","9600000"
"102280","쌍방울","1095","5","0.46","1090","1105","1085","661489","724361295","141391013235","129124213"
"003410","쌍용양회","5670","0","0.00","5670","5690","5620","477355","2699809710","2856883903650","503859595"
"003415","쌍용양회우","12200","600","5.17","11600","12400","11600","30045","365089350","18832957000","1543685"
"003620","쌍용차","2075","-10","-0.48","2100","2125","2065","381915","799075160","310918004150","149840002"
"004770","써니전자","3850","-30","-0.77","3830","3880","3705","1266374","4833387050","129842193250","33725245"
"004920","씨아이테크","458","2","0.44","456","460","449","178972","81069376","24829240728","54212316"
"112610","씨에스윈드","38000","-50","-0.13","38400","38850","37750","34875","1328348450","656857170000","17285715"
"008700","아남전자","2050","45","2.24","2015","2075","2005","345922","706636830","158105881000","77124820"
"002790","아모레G","82700","1400","1.72","81800","83100","81300","76253","6288125200","6819291486000","82458180"
"00279K","아모레G3우(전환)","54600","600","1.11","53900","55900","53600","51972","2846299000","387234120000","7092200"
"002795","아모레G우","32450","250","0.78","32500","32700","32200","11039","358563950","209100336500","6443770"
"090430","아모레퍼시픽","200000","5000","2.56","195500","200000","195500","138099","27421395500","11691698000000","58458490"
"090435","아모레퍼시픽우","89400","-100","-0.11","89500","91600","89000","12035","1078708800","943870002000","10557830"
"002030","아세아","103500","0","0.00","103500","103500","103000","175","18105000","226770984000","2191024"
"183190","아세아시멘트","76000","-300","-0.39","76300","76500","75700","1598","121633200","296081484000","3895809"
"002310","아세아제지","30000","-200","-0.66","30200","30300","29900","10550","316963550","268695060000","8956502"
"267850","아시아나IDT","21300","-1750","-7.59","22800","22900","21100","603140","13158304000","236430000000","11100000"
"020560","아시아나항공","5400","-30","-0.55","5460","5480","5320","1466922","7943535980","1194670587600","221235294"
"122900","아이마켓코리아","10400","-50","-0.48","10450","10550","10350","42138","440559850","373810736000","35943340"
"010780","아이에스동서","32950","400","1.23","32800","33050","32450","48452","1586753950","1017911367700","30892606"
"033660","아주캐피탈","12450","100","0.81","12450","12500","12300","9553","118784300","716446330500","57545890"
"001780","알루코","2745","-90","-3.17","2815","2830","2705","979901","2689079720","204568659990","74524102"
"018250","애경산업","28400","50","0.18","28500","28550","28050","77242","2188953200","750042154000","26409935"
"161000","애경유화","8200","100","1.23","8150","8270","8040","131468","1074672770","262728000000","32040000"
"011090","에넥스","1125","10","0.90","1120","1140","1110","164767","185065615","67490596125","59991641"
"005850","에스엘","18150","-150","-0.82","18500","18500","17900","52428","950507300","874889477550","48203277"
"012750","에스원","93700","-800","-0.85","94500","94900","93600","36400","3416803700","3560522978600","37999178"
"023960","에쓰씨엔지니어링","1435","40","2.87","1400","1460","1400","32678","46605535","35898802345","25016587"
"298690","에어부산","5890","-150","-2.48","6040","6050","5700","767106","4523689370","306692300000","52070000"
"140910","에이리츠","6560","-50","-0.76","6610","6650","6480","24321","158470650","24113963040","3675909"
"078520","에이블씨엔씨","10250","-100","-0.97","10400","10400","10250","47387","488787100","277092954750","27033459"
"015260","에이엔피","350","16","4.79","338","350","334","229841","78231332","28974703800","82784868"
"007460","에이프로젠 KIC","2725","0","0.00","2735","2830","2700","6653477","18387877225","417459173575","153196027"
"003060","에이프로젠제약","1355","5","0.37","1365","1400","1330","4683416","6388425010","327447034440","241658328"
"036570","엔씨소프트","541000","0","0.00","543000","545000","538000","36232","19631712000","11877125902000","21954022"
"138250","엔에스쇼핑","9450","70","0.75","9380","9460","9300","31233","294899030","318427200000","33696000"
"085310","엔케이","1130","-25","-2.16","1165","1180","1130","257425","296844465","90381187760","79983352"
"009810","엔케이물산","796","-28","-3.40","813","833","790","6745514","5439340378","66528428688","83578428"
"900140","엘브이엠씨홀딩스","4160","-20","-0.48","4205","4205","4120","68968","285660805","212661026240","51120439"
"014440","영보화학","3485","-15","-0.43","3500","3535","3455","8769","30431365","69700000000","20000000"
"111770","영원무역","34250","300","0.88","33900","34400","33900","50584","1723375050","1517667779000","44311468"
"009970","영원무역홀딩스","48200","100","0.21","48150","48400","47650","10768","517930300","657235534400","13635592"
"003520","영진약품","6630","130","2.00","6540","6650","6470","743688","4899967760","1212578806530","182892731"
"000670","영풍","645000","17000","2.71","625000","647000","620000","1922","1229896000","1188115800000","1842040"
"006740","영풍제지","3115","0","0.00","3140","3150","3095","183628","572217020","69153000000","22200000"
"012280","영화금속","1625","20","1.25","1605","1635","1600","238311","385942600","73857884750","45451006"
"012160","영흥철강","1145","5","0.44","1145","1150","1130","149653","170477070","98271352805","85826509"
"015360","예스코홀딩스","37400","100","0.27","37200","38800","37050","671","25167950","224400000000","6000000"
"007310","오뚜기","554000","-4000","-0.72","562000","563000","554000","2506","1398250000","1997301298000","3605237"
"079440","오렌지라이프","28150","-500","-1.75","28800","28800","28050","291890","8247470300","2308300000000","82000000"
"002630","오리엔트바이오","303","6","2.02","295","314","294","7784992","2377085612","69246136512","228535104"
"271560","오리온","105500","-500","-0.47","106500","106500","105000","36789","3888191500","4171061926000","39536132"
"001800","오리온홀딩스","17800","400","2.30","17400","17950","17300","95340","1688384600","1115088511600","62645422"
"070960","용평리조트","6000","-20","-0.33","6030","6070","5980","144764","870098920","288799998000","48133333"
"316140","우리금융지주","11600","-50","-0.43","11650","11700","11600","1026472","11941232700","8378305122800","722267683"
"004720","우리들제약","6370","100","1.59","6270","6450","6230","72181","458277900","74439979250","11686025"
"118000","우리들휴브레인","3565","225","6.74","3345","3650","3345","711645","2500041620","88763576735","24898619"
"010050","우리종금","639","0","0.00","641","641","633","836344","531974747","430815976434","674203406"
"006980","우성사료","2940","70","2.44","2855","2965","2855","331390","968395345","90846000000","30900000"
"017370","우신시스템","4990","-50","-0.99","5040","5050","4940","6892","34427885","91387129460","18314054"
"105840","우진","4200","50","1.20","4140","4215","4125","121747","509622550","84849382800","20202234"
"010400","우진아이엔에스","8400","-50","-0.59","8450","8450","8340","13978","117488720","64024800000","7622000"
"049800","우진플라임","3460","-5","-0.14","3415","3465","3415","2892","9954295","34600000000","10000000"
"016880","웅진","1550","255","19.69","1640","1680","1540","12991788","21356386745","123036411500","79378330"
"095720","웅진씽크빅","3035","405","15.40","3130","3255","2950","32380449","101677443580","407215807680","134173248"
"103130","웅진에너지","914","0","0.00","0","0","0","0","0","28285852308","30947322"
"021240","웅진코웨이","93100","1200","1.31","92800","95000","91400","153018","14196843100","6870744528900","73799619"
"005820","원림","18150","700","4.01","17600","18450","17400","2336","42022600","39930000000","2200000"
"010600","웰바이오텍","2185","-50","-2.24","2235","2270","2160","425667","931767385","93977081610","43010106"
"008600","윌비스","1430","10","0.70","1410","1430","1395","768563","1090626355","87531042170","61210519"
"033270","유나이티드제약","18350","100","0.55","18250","18400","18100","34130","623896550","297853933700","16231822"
"014830","유니드","46750","400","0.86","46350","46950","46200","19640","916777950","415600160250","8889843"
"000910","유니온","4005","45","1.14","3960","4025","3950","47424","189299415","62524534095","15611619"
"047400","유니온머티리얼","2360","50","2.16","2295","2370","2295","311582","730654255","99120000000","42000000"
"011330","유니켐","1810","-20","-1.09","1825","1850","1800","237256","432021425","120550519570","66602497"
"077500","유니퀘스트","6670","180","2.77","6610","6720","6490","154855","1027397420","181672290750","27237225"
"002920","유성기업","2660","-40","-1.48","2715","2715","2640","35952","95436570","69020350000","25947500"
"000700","유수홀딩스","6660","-10","-0.15","6670","6670","6560","11319","74523580","173438467920","26041812"
"003470","유안타증권","2865","25","0.88","2830","2865","2790","114106","324255220","571844190240","199596576"
"003475","유안타증권우","2125","5","0.24","2120","2125","2110","2176","4614290","27438450500","12912212"
"011690","유양디앤유","4880","135","2.85","4780","4895","4730","374692","1810745185","283987700880","58194201"
"072130","유엔젤","5170","-50","-0.96","5280","5350","5160","702388","3675199250","68220497180","13195454"
"000220","유유제약","11350","200","1.79","11000","11350","11000","41391","465377100","72283462450","6368587"
"000225","유유제약1우","7090","-10","-0.14","7030","7130","7010","2298","16211180","8036266850","1133465"
"000227","유유제약2우B","18800","-50","-0.27","18600","18850","18500","2589","48215350","3084704000","164080"
"001200","유진투자증권","2290","-25","-1.08","2290","2305","2270","106615","243445075","221824097220","96866418"
"000100","유한양행","236500","0","0.00","236000","236500","234000","22543","5309208500","3021787697500","12777115"
"000105","유한양행우","207500","-4000","-1.89","211500","211500","207000","138","28674000","49009010000","236188"
"003460","유화증권","12350","-150","-1.20","12600","12600","12300","522","6444500","140054965050","11340483"
"003465","유화증권우","12750","0","0.00","0","0","0","0","0","44564883750","3495285"
"008730","율촌화학","14000","-150","-1.06","14150","14150","13950","63122","886336650","347200000000","24800000"
"008250","이건산업","7430","80","1.09","7290","7440","7230","24051","177482120","81378078050","10952635"
"025820","이구산업","1780","-5","-0.28","1785","1800","1760","521707","930143375","59526760000","33442000"
"214320","이노션","70900","1500","2.16","70400","71100","68500","40864","2881214500","1418000000000","20000000"
"088260","이리츠코크렙","6800","-50","-0.73","6880","6880","6790","41521","283135130","430722812000","63341590"
"139480","이마트","127500","1000","0.79","127000","129000","125500","116594","14874306500","3554166922500","27875819"
"007660","이수페타시스","4085","85","2.13","4020","4100","4000","275765","1123234355","168581405830","41268398"
"005950","이수화학","10600","0","0.00","10600","10750","10400","45573","484337150","161946800000","15278000"
"015020","이스타코","708","3","0.43","705","789","689","6040911","4490043698","30338932800","42851600"
"093230","이아이디","224","-3","-1.32","228","230","222","6635632","1494447135","122828729408","548342542"
"102460","이연제약","16000","400","2.56","15700","16150","15600","51027","809175950","268320000000","16770000"
"084680","이월드","5340","250","4.91","5090","5350","5030","2285049","12001460790","483322849980","90509897"
"000760","이화산업","15500","50","0.32","15450","15600","15450","676","10463950","43400000000","2800000"
"014990","인디에프","2370","-10","-0.42","2365","2410","2350","313411","745957505","139671198150","58932995"
"006490","인스코비","3060","30","0.99","3075","3085","3020","734590","2244402385","297544947660","97236911"
"023800","인지컨트롤스","4950","130","2.70","4820","4965","4810","56838","279353295","75042633600","15160128"
"034590","인천도시가스","28700","0","0.00","29100","29100","28700","1382","39794500","125555439800","4374754"
"129260","인터지스","2215","-40","-1.77","2280","2280","2200","39333","87155065","65891540910","29747874"
"023810","인팩","3720","-75","-1.98","3790","3790","3720","3429","12857480","37200000000","10000000"
"249420","일동제약","16750","100","0.60","16650","16900","16600","71483","1199835400","379730071000","22670452"
"000230","일동홀딩스","11100","50","0.45","11050","11150","11000","3204","35533950","122128715700","11002587"
"013360","일성건설","1270","-20","-1.55","1275","1295","1265","142249","181752470","68611597600","54024880"
"003120","일성신약","82100","-100","-0.12","81900","82100","81800","60","4917000","218386000000","2660000"
"003200","일신방직","71600","0","0.00","71500","71600","71100","230","16427100","171840000000","2400000"
"007110","일신석재","2420","20","0.83","2400","2455","2385","946694","2285231410","187444996200","77456610"
"007570","일양약품","22550","350","1.58","22300","22850","22250","41731","940155850","430381723200","19085664"
"007575","일양약품우","17300","-250","-1.42","17500","17550","17100","859","14792550","7699884000","445080"
"008500","일정실업","18200","50","0.28","18150","18200","18150","22","399450","21840000000","1200000"
"081000","일진다이아","27950","800","2.95","27400","28250","27250","142680","3988362700","396973151250","14202975"
"020760","일진디스플","3535","20","0.57","3530","3670","3515","214735","772362375","100091545400","28314440"
"020150","일진머티리얼즈","42750","1050","2.52","41900","43650","41900","555607","23812688250","1971238196250","46110835"
"103590","일진전기","3025","5","0.17","3040","3075","3010","51571","156155365","112168179750","37080390"
"015860","일진홀딩스","5070","-40","-0.78","5180","5180","4985","541430","2731005905","250191738810","49347483"
"226320","잇츠한불","19300","50","0.26","19500","19500","19200","12118","234566400","423235779500","21929315"
"317400","자이에스앤디","5710","-160","-2.73","5920","5930","5710","168016","974188940","152928189200","26782520"
"033240","자화전자","10600","-300","-2.75","10750","10950","10500","192205","2043149750","189740000000","17900000"
"000950","전방","15350","-150","-0.97","15750","15750","15350","122","1874650","25788000000","1680000"
"194370","제이에스코퍼레이션","12550","100","0.80","12450","12600","12400","9155","114078200","167361792550","13335601"
"025620","제이준코스메틱","4280","65","1.54","4290","4315","4240","181884","776708195","121268116160","28333672"
"036420","제이콘텐트리","38550","750","1.98","37800","38550","37750","68230","2616987750","555385917900","14406898"
"030000","제일기획","24050","-250","-1.03","24300","24450","24000","149460","3610611700","2766741461250","115041225"
"271980","제일약품","36200","200","0.56","36050","36550","35950","25264","917743100","532316366400","14704872"
"001560","제일연마","7780","-250","-3.11","7830","7930","7690","162879","1268316420","77800000000","10000000"
"002620","제일파마홀딩스","17000","150","0.89","17000","17200","16700","9202","155342850","271547035000","15973355"
"006220","제주은행","4055","-15","-0.37","4090","4090","4020","7787","31584245","130282178570","32128774"
"089590","제주항공","26800","-200","-0.74","27000","27200","26650","66704","1795421850","706361114400","26356758"
"004910","조광페인트","5500","0","0.00","5490","5550","5420","10038","55160520","70400000000","12800000"
"004700","조광피혁","39000","300","0.78","39000","39000","38300","6012","233262900","259316382000","6649138"
"001550","조비","15300","150","0.99","15000","15300","15000","14103","213704800","79441256700","5192239"
"000480","조선내화","88800","600","0.68","89400","90200","88800","5391","481143000","355200000000","4000000"
"120030","조선선재","82600","-2400","-2.82","85000","85100","82600","1470","123277600","103881972600","1257651"
"018470","조일알미늄","730","0","0.00","735","735","724","24971","18154994","51213555150","70155555"
"002600","조흥","149500","0","0.00","149500","149500","148000","33","4911000","89700000000","600000"
"185750","종근당","97000","3000","3.19","95000","97000","94100","26416","2541754000","1005918130000","10370290"
"063160","종근당바이오","29500","400","1.37","29200","29700","29100","15310","449606200","154269925500","5229489"
"001630","종근당홀딩스","101000","-500","-0.49","101000","103500","100000","17621","1778985000","505995961000","5009861"
"044380","주연테크","796","21","2.71","770","837","756","21272102","17018797506","84974585632","106751992"
"013890","지누스","92800","500","0.54","92300","93700","91100","54268","5020426500","1318386307200","14206749"
"013870","지엠비코리아","4915","185","3.91","4710","4950","4710","75878","369648205","93740256200","19072280"
"071320","지역난방공사","47300","-450","-0.94","48100","48550","47050","4810","229060300","547674591200","11578744"
"010580","지코","839","9","1.08","822","845","808","452303","373086424","49555027405","59064395"
"035000","지투알","6550","50","0.77","6630","6630","6480","2703","17666510","108516528950","16567409"
"088790","진도","3705","15","0.41","3700","3800","3700","7819","29287225","46118891520","12447744"
"003780","진양산업","3990","70","1.79","3935","3990","3880","100659","396077555","51870000000","13000000"
"010640","진양폴리","3900","90","2.36","4020","4040","3785","701931","2738146120","39000000000","10000000"
"100250","진양홀딩스","2610","-20","-0.76","2630","2635","2600","42752","111419325","145886712120","55895292"
"051630","진양화학","4650","140","3.10","4490","4665","4490","81012","369724965","55800000000","12000000"
"272450","진에어","15300","50","0.33","15800","15850","15200","197080","3030269750","459000000000","30000000"
"011000","진원생명과학","2410","-80","-3.21","2490","2510","2375","398504","967684780","52842038370","21926157"
"002780","진흥기업","2310","35","1.54","2275","2350","2275","101116","233673660","336039730950","145471745"
"002787","진흥기업2우B","14400","50","0.35","14350","14850","14200","6640","96658750","4245235200","294808"
"002785","진흥기업우B","5050","0","0.00","5050","5200","5050","7474","38185240","4328950900","857218"
"009310","참엔지니어링","1405","35","2.55","1360","1425","1355","641496","892644650","73674701550","52437510"
"000650","천일고속","70000","200","0.29","69800","70200","69700","773","54088500","100045400000","1429220"
"012600","청호컴넷","2600","20","0.78","2580","2640","2560","21452","55562090","22298512600","8576351"
"033250","체시스","3040","85","2.88","2920","3070","2895","278269","832268610","72960000000","24000000"
"001140","카리스국보","2435","120","5.18","2315","2460","2315","428615","1030152820","58358439675","23966505"
"035720","카카오","153500","0","0.00","154000","155000","153000","428587","65428749500","13233806941000","86213726"
"006380","카프로","3110","-25","-0.80","3150","3150","3090","34136","106030355","124400000000","40000000"
"109070","컨버즈","2375","-35","-1.45","2415","2475","2360","199043","480009585","72637926250","30584390"
"001620","케이비아이동국실업","721","-5","-0.69","733","733","717","133940","96727993","47616333912","66042072"
"029460","케이씨","18650","700","3.90","18300","18900","18000","227580","4189781500","252782920600","13554044"
"281820","케이씨텍","23350","0","0.00","23500","23650","22850","147848","3414015850","463248589000","19839340"
"145270","케이탑리츠","957","-2","-0.21","952","965","950","279211","266478266","43157682579","45096847"
"007815","코리아써우","3875","65","1.71","3850","3875","3810","2497","9630740","11488173750","2964690"
"007810","코리아써키트","11950","450","3.91","11400","12000","11400","424992","4977398800","282267974450","23620751"
"00781K","코리아써키트2우B","4815","230","5.02","4600","4825","4600","10151","47843790","3773510685","783699"
"152330","코리아오토글라스","16150","50","0.31","16250","16300","16000","30172","487920850","323000000000","20000000"
"003690","코리안리","9110","-80","-0.87","9210","9250","9100","221888","2033074650","1096562646760","120369116"
"192820","코스맥스","79900","1100","1.40","78200","80100","78200","51852","4127764200","802955769100","10049509"
"044820","코스맥스비티아이","13450","0","0.00","13300","13550","13300","11361","152648900","129172737450","9603921"
"005070","코스모신소재","8900","390","4.58","8580","9030","8520","1486832","13200730320","260306888500","29247965"
"005420","코스모화학","6120","180","3.03","5990","6350","5910","2103582","12942230010","159798249000","26110825"
"071950","코아스","1290","5","0.39","1290","1295","1270","150491","192817235","39870300900","30907210"
"002020","코오롱","17550","0","0.00","17600","17850","17400","18979","333489950","221593776300","12626426"
"003070","코오롱글로벌","9690","-70","-0.72","9700","9860","9670","7598","74017440","244289144220","25210438"
"003075","코오롱글로벌우","18250","450","2.53","17700","18450","17650","795","14386500","5708654750","312803"
"144620","코오롱머티리얼","1640","10","0.61","1625","1680","1610","305402","503155870","112600161400","68658635"
"002025","코오롱우","10600","-50","-0.47","10650","10700","10500","5676","60193200","11409734000","1076390"
"120110","코오롱인더","49750","600","1.22","49350","49850","49000","67994","3369628950","1342197290000","26978840"
"120115","코오롱인더우","21950","250","1.15","21800","21950","21700","7054","153824850","60754527000","2767860"
"138490","코오롱플라스틱","4480","20","0.45","4445","4490","4445","18546","82878445","170240000000","38000000"
"031820","콤텍시스템","1505","15","1.01","1490","1520","1475","779531","1171407580","102116456330","67851466"
"192400","쿠쿠홀딩스","105000","-500","-0.47","105500","107000","104000","4019","423282000","746805885000","7112437"
"284740","쿠쿠홈시스","43200","200","0.47","43050","43450","42800","15068","650437350","969292656000","22437330"
"015590","큐로","1085","15","1.40","1080","1110","1070","1325585","1448662165","145154278325","133782745"
"264900","크라운제과","8690","-60","-0.69","8840","8840","8570","20780","178945770","108832256500","12523850"
"26490K","크라운제과우","7770","-20","-0.26","7820","7820","7660","1825","14079700","6010561200","773560"
"005740","크라운해태홀딩스","10400","-50","-0.48","10550","10550","10350","11884","123598100","154412408800","14847347"
"005745","크라운해태홀딩스우","12850","0","0.00","12900","12900","12650","891","11320350","7719329100","600726"
"020120","키다리스튜디오","4035","135","3.46","3900","4125","3830","67944","272094685","68430638310","16959266"
"039490","키움증권","79500","-500","-0.63","80000","80100","79400","19019","1517810700","1756929330000","22099740"
"012170","키위미디어그룹","150","0","0.00","0","0","0","0","0","29592697500","197284650"
"015890","태경산업","5710","20","0.35","5710","5720","5680","19075","108701730","166896162500","29228750"
"006890","태경화학","5250","-50","-0.94","5260","5320","5170","79329","414372040","60900000000","11600000"
"003240","태광산업","1060000","11000","1.05","1045000","1062000","1040000","525","555106000","1180204000000","1113400"
"011280","태림포장","4250","-105","-2.41","4360","4395","4240","232043","990453860","300925245000","70805940"
"004100","태양금속","1425","75","5.56","1340","1465","1310","4121192","5766388345","52297500000","36700000"
"004105","태양금속우","2940","25","0.86","2905","3010","2905","63995","189708295","9702000000","3300000"
"009410","태영건설","11950","50","0.42","11900","11950","11750","122939","1462915400","912980000000","76400000"
"009415","태영건설우","6740","-80","-1.17","6740","6870","6720","7178","48692370","17237415200","2557480"
"001420","태원물산","4030","60","1.51","3970","4050","3965","4939","19779140","30628000000","7600000"
"007980","태평양물산","2645","-20","-0.75","2635","2665","2630","31099","82272850","132016557590","49911742"
"055490","테이팩스","22000","600","2.80","21450","22250","21350","10692","234168900","103788300000","4717650"
"078000","텔코웨어","13300","-50","-0.37","13350","13400","13250","12000","159794700","129045989800","9702706"
"214420","토니모리","10450","100","0.97","10350","10550","10200","68921","715573950","184338000000","17640000"
"019180","티에이치엔","3660","60","1.67","3630","3660","3550","90981","327787985","65880000000","18000000"
"091810","티웨이항공","5650","-90","-1.57","5740","5790","5600","211942","1195095720","265407687800","46974812"
"004870","티웨이홀딩스","1735","-15","-0.86","1740","1775","1715","236173","410983155","133041283425","76680855"
"005690","파미셀","8490","-50","-0.59","8700","8770","8450","920748","7906347470","509051485500","59958950"
"036580","팜스코","4600","40","0.88","4525","4625","4525","61950","284303905","168948537800","36727943"
"028670","팬오션","4545","-5","-0.11","4570","4570","4515","838345","3805565460","2429617045815","534569207"
"010820","퍼스텍","2085","15","0.72","2080","2095","2060","175821","365707355","97504691400","46764840"
"016800","퍼시스","29500","100","0.34","29400","29600","29350","640","18845500","339250000000","11500000"
"001020","페이퍼코리아","628","3","0.48","618","633","618","45319","28459963","56471340676","89922517"
"090080","평화산업","1230","15","1.23","1215","1230","1210","97630","119365150","67529778570","54902259"
"010770","평화홀딩스","3600","30","0.84","3690","3690","3570","4071","14636125","52651677600","14625466"
"058430","포스코강판","17100","-150","-0.87","17550","17550","17050","642","11040400","102600000000","6000000"
"047050","포스코인터내셔널","18650","-200","-1.06","18900","18900","18650","167025","3124889550","2300946528850","123375149"
"003670","포스코케미칼","49250","1750","3.68","47750","49750","47750","662249","32606702400","3003669835000","60988220"
"007630","폴루스바이오팜","1225","0","0.00","0","0","0","0","0","48156675700","39311572"
"017810","풀무원","11250","0","0.00","11200","11450","10950","77079","859101300","428523187500","38090950"
"103140","풍산","23800","-100","-0.42","24200","24200","23600","52283","1244945150","666977816400","28024278"
"005810","풍산홀딩스","33950","-50","-0.15","34000","34000","33700","2069","70120300","266003919650","7835167"
"033180","필룩스","7590","210","2.85","7410","7640","7320","3364000","25361629950","603729214440","79542716"
"086790","하나금융지주","36900","-600","-1.60","37500","37500","36400","995430","36532887250","11078932087800","300242062"
"099340","하나니켈1호","444","-2","-0.45","445","445","442","75218","33272925","10103752800","22756200"
"099350","하나니켈2호","1120","-10","-0.88","1135","1135","1110","23667","26508025","3678080000","3284000"
"293480","하나제약","22550","50","0.22","22850","22950","21900","57129","1294142300","365310000000","16200000"
"039130","하나투어","51100","-300","-0.58","51400","52400","51100","80470","4160737400","593587053500","11616185"
"172580","하이골드12호","2810","0","0.00","2795","2810","2795","4825","13533885","36655045000","13044500"
"153360","하이골드3호","1795","5","0.28","1795","1800","1795","12462","22369295","28988873050","16149790"
"159650","하이골드8호","2150","-5","-0.23","2150","2160","2140","16273","34948825","32047747350","14905929"
"071090","하이스틸","19150","-300","-1.54","19150","19400","19150","3375","64856400","38298927600","1999944"
"019490","하이트론","3165","0","0.00","3200","3200","3130","7822","24665620","17504776275","5530735"
"000080","하이트진로","29000","250","0.87","28600","29450","28600","249051","7221098300","2033874719000","70133611"
"000087","하이트진로2우B","17450","50","0.29","17400","17500","17350","642","11191400","19720908100","1130138"
"000140","하이트진로홀딩스","13200","100","0.76","13050","13500","13050","29342","388286900","306329298000","23206765"
"000145","하이트진로홀딩스우","15900","50","0.32","15800","16100","15650","12923","204381200","7485879000","470810"
"152550","한국ANKOR유전","1775","5","0.28","1795","1795","1770","2277","4030825","124285500000","70020000"
"036460","한국가스공사","37850","-50","-0.13","38100","38100","37650","224944","8488396750","3494047050000","92313000"
"005430","한국공항","45200","450","1.01","46000","46450","44850","9148","416020400","143119246000","3166355"
"071050","한국금융지주","72400","0","0.00","72900","73600","72100","103871","7546568200","4034561820800","55725992"
"071055","한국금융지주우","44300","-350","-0.78","44250","44650","43500","4195","185777250","259520519300","5858251"
"010040","한국내화","4045","0","0.00","4045","4090","3970","116825","470852060","92483391440","22863632"
"025540","한국단자","42750","550","1.30","42650","42900","41650","7992","339392800","445241250000","10415000"
"004090","한국석유","103500","0","0.00","101500","103500","101500","2013","206182500","67813200000","655200"
"002960","한국쉘석유","323000","-3500","-1.07","325500","326000","322500","2833","917693000","419900000000","1300000"
"123890","한국자산신탁","3370","-15","-0.44","3425","3425","3335","114383","384039945","380315455870","112853251"
"015760","한국전력","27800","50","0.18","27850","28000","27600","1188611","33064681300","17846601340600","641964077"
"006200","한국전자홀딩스","733","-7","-0.95","733","746","733","38843","28724194","34306698688","46803136"
"002300","한국제지","17050","-350","-2.01","17250","17400","16900","11246","191464250","85334380450","5004949"
"009540","한국조선해양","126500","0","0.00","126500","127000","125000","96061","12159640000","8952799174000","70773116"
"023350","한국종합기술","3925","10","0.26","3895","3930","3840","13627","52869500","42978750000","10950000"
"025890","한국주강","1880","-45","-2.34","1915","1930","1875","37511","71207670","21261406920","11309259"
"000970","한국주철관","10350","-50","-0.48","10350","10550","10250","99430","1032192150","235985175000","22800500"
"104700","한국철강","4730","-40","-0.84","4780","4830","4730","46235","220967355","217816500000","46050000"
"017960","한국카본","7830","70","0.90","7840","7880","7740","201898","1578426590","344212727310","43960757"
"161890","한국콜마","47250","250","0.53","47000","47800","46750","111420","5275738850","1081135755000","22881180"
"024720","한국콜마홀딩스","22550","450","2.04","22300","22550","22000","58425","1307419800","404523683300","17938966"
"161390","한국타이어앤테크놀로지","33550","100","0.30","33700","33750","33300","104167","3495060900","4156008564950","123875069"
"000240","한국테크놀로지그룹","14400","250","1.77","14250","14400","14150","36924","528154550","1339490491200","93020173"
"034830","한국토지신탁","2100","-25","-1.18","2120","2130","2095","481746","1014396230","530227383000","252489230"
"007280","한국특수형강","1630","55","3.49","1600","1640","1585","36724","59456545","52736188700","32353490"
"168490","한국패러랠","2230","-5","-0.22","2230","2230","2225","8086","18031770","178444600000","80020000"
"010100","한국프랜지","2200","40","1.85","2160","2200","2150","127382","278460465","66990924000","30450420"
"047810","한국항공우주","34050","100","0.29","34150","34250","33900","158818","5410275750","3319027393350","97475107"
"123690","한국화장품","10850","-100","-0.91","10850","11000","10800","446581","4865044850","174337800000","16068000"
"003350","한국화장품제조","31050","300","0.98","30950","31200","30650","38064","1180683950","140718600000","4532000"
"011500","한농화성","4255","-65","-1.50","4315","4320","4210","10733","45644395","66535613710","15637042"
"002390","한독","22650","0","0.00","22750","22900","22600","25110","571097500","311744022450","13763533"
"014790","한라","3000","50","1.69","2920","3030","2915","42951","127598105","116624826000","38874942"
"060980","한라홀딩스","45900","650","1.44","45350","45950","44800","14858","676030300","480668013000","10472070"
"053690","한미글로벌","9600","30","0.31","9560","9700","9510","36778","353151620","105192480000","10957550"
"042700","한미반도체","8100","-80","-0.98","8170","8200","8070","107995","876752010","463513509000","57223890"
"008930","한미사이언스","38350","1550","4.21","37150","38350","36850","95436","3604328300","2482888681000","64742860"
"128940","한미약품","296500","8500","2.95","290000","297500","289500","50580","14902792000","3443012556000","11612184"
"009240","한샘","62200","-300","-0.48","62700","62800","61900","161180","10025911000","1463810321600","23533928"
"020000","한섬","31550","800","2.60","30750","31700","30750","39405","1238490050","777076500000","24630000"
"003680","한성기업","5310","40","0.76","5270","5320","5210","8664","45771550","32766714360","6170756"
"105630","한세실업","17300","0","0.00","17400","17550","17200","116848","2022509200","692000000000","40000000"
"069640","한세엠케이","4515","15","0.33","4500","4545","4475","13524","60864170","58285588830","12909322"
"016450","한세예스24홀딩스","7380","0","0.00","7380","7420","7250","22618","166320460","295200000000","40000000"
"010420","한솔PNS","1735","55","3.27","1680","1775","1665","256913","445030690","35555375820","20493012"
"009180","한솔로지스틱스","1535","-45","-2.85","1570","1600","1520","501838","779633445","42177847375","27477425"
"213500","한솔제지","14450","-50","-0.34","14650","14650","14300","65399","942466950","343918323200","23800576"
"014680","한솔케미칼","106000","-1500","-1.40","108500","108500","104000","38648","4072941500","1197290670000","11295195"
"004710","한솔테크닉스","8940","140","1.59","8790","8980","8730","491233","4372541710","287062309320","32109878"
"004150","한솔홀딩스","3925","-10","-0.25","3935","3960","3905","79081","309949065","185195940075","47183679"
"025750","한솔홈데코","1095","5","0.46","1090","1095","1080","119751","130353885","88218838155","80565149"
"004960","한신공영","14800","100","0.68","14700","14950","14550","11584","170699700","171246389600","11570702"
"011700","한신기계","1670","5","0.30","1680","1695","1665","102722","172117075","54185072170","32446151"
"001750","한양증권","7850","-300","-3.68","8150","8150","7830","49052","389797840","99918991900","12728534"
"001755","한양증권우","9110","-60","-0.65","9250","9250","8870","311","2801090","4782750000","525000"
"018880","한온시스템","11150","-100","-0.89","11300","11300","11100","432589","4834296850","5951870000000","533800000"
"009420","한올바이오파마","36300","1250","3.57","34900","36500","34850","611081","21964369500","1896335159400","52240638"
"014130","한익스프레스","4410","230","5.50","4170","4425","4145","129638","559002785","52920000000","12000000"
"300720","한일시멘트","93400","-1400","-1.48","95200","95200","93300","1481","139269800","387140198000","4144970"
"002220","한일철강","2030","0","0.00","2030","2030","2000","6411","12896520","45314329900","22322330"
"006390","한일현대시멘트","30450","-50","-0.16","30400","30750","29950","8385","254384600","512208280500","16821290"
"003300","한일홀딩스","43900","100","0.23","43800","43900","43150","3516","152501500","263152228400","5994356"
"051600","한전KPS","39150","-100","-0.25","39550","39550","38800","112438","4384663700","1761750000000","45000000"
"052690","한전기술","20050","-200","-0.99","20500","20600","20000","58321","1178747350","766311000000","38220000"
"130660","한전산업","3500","-25","-0.71","3525","3535","3495","41995","147108875","114100000000","32600000"
"002320","한진","30000","350","1.18","30850","30900","29550","212020","6403357600","359239680000","11974656"
"097230","한진중공업","4985","45","0.91","4970","5060","4870","75821","376514930","415122290785","83274281"
"003480","한진중공업홀딩스","2590","-10","-0.38","2625","2625","2545","13294","34235710","76482213080","29529812"
"180640","한진칼","40000","200","0.50","43500","44600","40000","5864939","245355884650","2366818320000","59170458"
"18064K","한진칼우","62500","2200","3.65","77800","77900","62500","941048","64650053900","33547875000","536766"
"005110","한창","2710","10","0.37","2675","2740","2675","718874","1947048915","94281628990","34790269"
"009460","한창제지","3060","50","1.66","3025","3060","2990","1453293","4397034550","182582507160","59667486"
"000880","한화","25000","-250","-0.99","25250","25250","24950","82484","2065563800","1873968375000","74958735"
"00088K","한화3우B","13750","50","0.36","13700","13800","13600","29115","398831450","308990000000","22472000"
"027390","한화갤러리아타임월드","23350","0","0.00","23400","23450","23200","1788","41662400","140103058850","6000131"
"088350","한화생명","2310","-40","-1.70","2340","2340","2310","1379228","3195955575","2006304300000","868530000"
"000370","한화손해보험","2825","5","0.18","2820","2840","2805","146327","413044125","329787434875","116738915"
"272210","한화시스템","10350","150","1.47","10400","10400","10250","346604","3582343300","1140884526150","110230389"
"012450","한화에어로스페이스","35050","150","0.43","34850","35450","34400","229919","8050574900","1807178000000","51560000"
"000885","한화우","28000","100","0.36","27850","28350","27700","6180","172821500","13420232000","479294"
"009830","한화케미칼","18850","0","0.00","18700","18850","18600","283798","5325288150","3043884616500","161479290"
"009835","한화케미칼우","12150","-50","-0.41","12150","12250","12000","6131","74275000","13653404550","1123737"
"003530","한화투자증권","2065","0","0.00","2065","2070","2050","117497","241716200","443041155375","214547775"
"003535","한화투자증권우","2025","-30","-1.46","2035","2050","2010","11455","23145425","9720000000","4800000"
"195870","해성디에스","15800","50","0.32","15750","15950","15500","47595","752333900","268600000000","17000000"
"101530","해태제과식품","7180","10","0.14","7220","7230","7140","4195","30058480","209058781960","29116822"
"143210","핸즈코퍼레이션","6840","60","0.88","6780","6880","6780","8160","55841880","149544753120","21863268"
"000720","현대건설","42300","-150","-0.35","42300","42650","42100","272369","11533380400","4710348859500","111355765"
"267270","현대건설기계","29900","-350","-1.16","30650","30650","29450","36752","1102185500","589053710700","19700793"
"000725","현대건설우","126500","-2500","-1.94","129000","130000","126000","2159","274018500","12505284000","98856"
"005440","현대그린푸드","11850","200","1.72","11650","11900","11550","85024","1002343700","1157798111700","97704482"
"086280","현대글로비스","143000","-1500","-1.04","144000","144500","142500","56563","8099874000","5362500000000","37500000"
"064350","현대로템","15600","-100","-0.64","15600","15800","15500","367185","5738154100","1326000000000","85000000"
"079430","현대리바트","13350","-50","-0.37","13350","13500","13200","19386","258753900","274146014700","20535282"
"012330","현대모비스","256000","-1500","-0.58","260500","260500","256000","106749","27459528500","24398513664000","95306694"
"010620","현대미포조선","46050","300","0.66","46000","46200","45350","68684","3145790250","1839335961450","39942149"
"069960","현대백화점","83100","1400","1.71","81700","83500","81400","56353","4669196000","1944742847100","23402441"
"004560","현대비앤지스틸","9010","60","0.67","8950","9020","8910","6437","57595680","135860087110","15078811"
"004565","현대비앤지스틸우","60600","400","0.66","60200","62500","60100","301","18305200","6657031200","109852"
"011760","현대상사","17900","150","0.85","17850","17900","17700","19312","343927800","236798491400","13228966"
"011200","현대상선","3550","130","3.80","3420","3615","3405","1557703","5527261450","1123760292250","316552195"
"004310","현대약품","5230","235","4.70","5100","5280","5070","1677992","8703647860","167360000000","32000000"
"322000","현대에너지솔루션","17250","150","0.88","17200","17350","16850","114947","1967426350","193200000000","11200000"
"126560","현대에이치씨엔","3410","-10","-0.29","3420","3460","3405","167161","572639175","384909192360","112876596"
"017800","현대엘리베이","68300","-300","-0.44","68000","68500","67600","137554","9363620300","1857714512200","27199334"
"307950","현대오토에버","50400","0","0.00","50400","51200","50200","47953","2428506900","1058400000000","21000000"
"011210","현대위아","50200","1950","4.04","48250","50200","48150","79304","3926657850","1365193166600","27195083"
"267260","현대일렉트릭","11550","700","6.45","10650","11800","10400","1544847","17408927300","416344409250","36047135"
"004020","현대제철","31450","-50","-0.16","31650","31750","31400","178478","5631175600","4196869938250","133445785"
"267250","현대중공업지주","338000","-5000","-1.46","345500","345500","334500","52560","17771356000","5504876546000","16286617"
"005380","현대차","120500","0","0.00","120500","121500","120000","467794","56479010000","25747016533500","213668187"
"005387","현대차2우B","79400","-1500","-1.85","80800","80800","79100","73739","5875680200","2896944809400","36485451"
"005389","현대차3우B","70600","-400","-0.56","71200","71200","70200","7385","521390000","171468691000","2428735"
"005385","현대차우","71700","-1200","-1.65","72900","72900","71700","41428","2984662000","1746374314500","24356685"
"001500","현대차증권","10050","-50","-0.50","10100","10100","9970","76103","761617290","294837965550","29337111"
"227840","현대코퍼레이션홀딩스","11950","-100","-0.83","12050","12050","11900","17495","209585550","108754990200","9100836"
"001450","현대해상","26950","-200","-0.74","27200","27300","26600","172927","4642500500","2409330000000","89400000"
"057050","현대홈쇼핑","80500","300","0.37","80200","80500","79700","12480","1001348400","966000000000","12000000"
"093240","형지엘리트","1475","15","1.03","1460","1490","1450","249351","366536285","45953327050","31154798"
"003010","혜인","4315","-15","-0.35","4320","4330","4280","37853","162661615","54855503305","12712747"
"111110","호전실업","14500","0","0.00","14500","14600","14350","2210","31898100","116000000000","8000000"
"008770","호텔신라","90800","3500","4.01","88200","90900","88100","726313","65200257300","3563729386800","39248121"
"008775","호텔신라우","52900","400","0.76","53100","53300","52500","12113","641911100","39774399100","751879"
"002460","화성산업","11650","-150","-1.27","11800","11800","11550","58990","689004400","145051820000","12450800"
"013520","화승알앤에이","2115","-10","-0.47","2130","2185","2075","57493","120450350","136546959150","64561210"
"241590","화승엔터프라이즈","16950","350","2.11","16500","17050","16500","105563","1778376350","1026096556500","60536670"
"006060","화승인더","11900","250","2.15","11750","12050","11700","311186","3709550000","658308000000","55320000"
"010690","화신","3270","0","0.00","3300","3305","3260","11767","38528125","114189740700","34920410"
"133820","화인베스틸","2525","20","0.80","2505","2535","2495","96283","241556740","74613750000","29550000"
"010660","화천기계","2760","-55","-1.95","2815","2860","2740","1281246","3549141480","60720000000","22000000"
"000850","화천기공","40000","-100","-0.25","40100","40200","39100","2868","114427850","88000000000","2200000"
"016580","환인제약","15450","50","0.32","15500","15700","15350","28751","445514000","287371081500","18600070"
"032560","황금에스티","6990","20","0.29","6990","7050","6900","23230","162018230","97860000000","14000000"
"004800","효성","79100","-500","-0.63","79700","79900","78800","101829","8060576800","1666718077500","21071025"
"094280","효성ITX","16700","-200","-1.18","16800","16800","16200","46436","767592600","193021940000","11558200"
"298040","효성중공업","26650","350","1.33","26350","27050","26250","28935","772214000","248499204200","9324548"
"298050","효성첨단소재","111000","-1000","-0.89","113000","113000","110500","10232","1141892500","497274228000","4479948"
"298020","효성티앤씨","154500","-1000","-0.64","156500","156500","153000","23632","3649807500","668626869000","4327682"
"298000","효성화학","144500","-1000","-0.69","146500","146500","144000","4824","698905000","460973207000","3190126"
"093370","후성","8170","60","0.74","8210","8250","8130","586499","4796652710","756597711230","92606819"
"081660","휠라코리아","53000","-800","-1.49","53900","54100","53000","187608","9994698700","3239098710000","61115070"
"005870","휴니드","7270","50","0.69","7220","7280","7200","52122","377379510","102623429050","14116015"
"079980","휴비스","6090","0","0.00","6100","6230","6040","46275","280540020","210105000000","34500000"
"005010","휴스틸","9980","-20","-0.20","9980","10000","9940","10203","101602060","76064246640","7621668"
"069260","휴켐스","21150","-150","-0.70","21350","21350","21000","121104","2554669400","864582136200","40878588"
"000540","흥국화재","3065","-5","-0.16","3080","3080","3040","25133","76670605","196903706925","64242645"
"000547","흥국화재2우B","20150","-100","-0.49","20200","20200","20000","180","3618550","3095040000","153600"
"000545","흥국화재우","4810","75","1.58","4695","4975","4670","2919","13737935","3694080000","768000"
"003280","흥아해운","481","-4","-0.82","486","497","476","2712206","1314662365","53926060552","112112392"