,종목코드,종목명,회계년도,종가
0,5930,삼성전자,2007/06,566000
1,5490,POSCO,2007/06,443500
2,60000,국민은행,2007/06,81100
3,15760,한국전력,2007/06,41000
4,9540,현대중공업,2007/06,345000
5,55550,신한지주,2007/06,56200
6,53000,우리금융,2007/06,23400
7,17670,SK텔레콤,2007/06,213000
8,3600,SK,2007/06,134500
9,5380,현대차,2007/06,73000
10,660,하이닉스,2007/06,33350
11,34220,LG필립스LCD,2007/06,41100
12,30200,KT,2007/06,43200
13,4170,신세계,2007/06,602000
14,66570,LG전자,2007/06,76400
15,23530,롯데쇼핑,2007/06,360000
16,10140,삼성중공업,2007/06,45200
17,42660,대우조선해양,2007/06,52300
18,33780,KT&G,2007/06,65000
19,86790,하나금융지주,2007/06,45050
20,34020,두산중공업,2007/06,88600
21,47040,대우건설,2007/06,26500
22,4940,외환은행,2007/06,13750
23,810,삼성화재,2007/06,178000
24,10950,S-Oil,2007/06,71100
25,12330,현대모비스,2007/06,87800
26,24110,기업은행,2007/06,18850
27,720,현대건설,2007/06,67600
28,830,삼성물산,2007/06,45300
29,1740,SK네트웍스,2007/06,24500
30,6360,GS건설,2007/06,110500
31,32390,KTF,2007/06,28500
32,6800,대우증권,2007/06,28500
33,42670,두산인프라코어,2007/06,31000
34,10620,현대미포조선,2007/06,257000
35,51910,LG화학,2007/06,78100
36,16360,삼성증권,2007/06,74300
37,12630,현대산업,2007/06,65800
38,270,기아차,2007/06,14400
39,210,대림산업,2007/06,137500
40,11200,현대상선,2007/06,36000
41,36460,한국가스공사,2007/06,59800
42,35250,강원랜드,2007/06,21450
43,2380,KCC,2007/06,420000
44,4020,현대제철,2007/06,51000
45,3480,한진중공업,2007/06,65600
46,47050,대우인터내셔,2007/06,43700
47,78930,GS,2007/06,44900
48,880,한화,2007/06,53800
49,28050,삼성엔지니어링,2007/06,97600
50,9150,삼성전기,2007/06,50600
51,3490,대한항공,2007/06,52500
52,12450,삼성테크윈,2007/06,48700
53,5940,우리투자증권,2007/06,28300
54,150,두산,2007/06,144000
55,71050,한국금융지주,2007/06,63200
56,1040,CJ,2007/06,112000
57,3450,현대증권,2007/06,23050
58,67250,STX조선,2007/06,44100
59,37620,미래에셋증권,2007/06,83300
60,700,한진해운,2007/06,40700
61,11170,호남석유,2007/06,92300
62,10130,고려아연,2007/06,157000
63,6400,삼성SDI,2007/06,60000
64,140,하이트맥주,2007/06,120000
65,240,한국타이어,2007/06,16600
66,10060,동양제철화학,2007/06,125500
67,69960,현대백화점,2007/06,109000
68,21240,웅진코웨이,2007/06,31300
69,9830,한화석화,2007/06,22800
70,1300,제일모직,2007/06,44400
71,5270,대구은행,2007/06,16200
72,51900,LG생활건강,2007/06,134000
73,6260,LS전선,2007/06,64800
74,5280,부산은행,2007/06,13350
75,12750,에스원,2007/06,49850
76,36570,엔씨소프트,2007/06,88400
77,2990,금호산업,2007/06,44900
78,1230,동국제강,2007/06,30050
79,4800,효성,2007/06,49500
80,42100,현대오토넷,2007/06,7700
81,4990,롯데제과,2007/06,1230000
82,12990,LG석유화학,2007/06,36050
83,4370,농심,2007/06,263000
84,77970,STX엔진,2007/06,55400
85,1440,대한전선,2007/06,33500
86,1800,오리온,2007/06,276000
87,3690,코리안리,2007/06,14450
88,34120,SBS,2007/06,58900
89,100,유한양행,2007/06,173000
90,6120,SK케미칼,2007/06,75200
91,11780,금호석유,2007/06,59500
92,5300,롯데칠성,2007/06,1189000
93,2790,태평양,2007/06,171000
94,30000,제일기획,2007/06,284500
95,3240,태광산업,2007/06,1120000
96,10120,LS산전,2007/06,39050
97,8930,한미약품,2007/06,142000
98,1120,LG상사,2007/06,31100
99,3410,쌍용양회,2007/06,15500
100,18880,한라공조,2007/06,11200
101,11790,SKC,2007/06,26300
102,73240,금호타이어,2007/06,13850
103,10520,현대하이스코,2007/06,11800
104,4000,삼성정밀화학,2007/06,35900
105,640,동아제약,2007/06,86700
106,1940,한국철강,2007/06,74400
107,5810,풍산,2007/06,28100
108,3620,쌍용차,2007/06,7150
109,3300,한일시멘트,2007/06,114500
110,19680,대교,2007/06,93300
111,64420,케이피케미칼,2007/06,8100
112,670,영풍,2007/06,443500
113,68870,LG생명과학,2007/06,44600
114,7570,일양약품,2007/06,49850
115,4150,한솔제지,2007/06,17550
116,1430,세아베스틸,2007/06,19900
117,17800,현대엘리베이,2007/06,99700
118,3000,부광약품,2007/06,25900
119,6280,녹십자,2007/06,74000
120,70,삼양사,2007/06,69600
121,990,동부하이텍,2007/06,17900
122,69620,대웅제약,2007/06,63100
123,3920,남양유업,2007/06,905000
124,29530,신도리코,2007/06,60600
125,20,동화약품,2007/06,93000
126,1520,동양메이저,2007/06,10300
127,2020,코오롱,2007/06,29600
128,20000,한섬,2007/06,15600
129,36530,S&TC,2007/06,50700
130,1630,종근당,2007/06,33100
131,1680,대상,2007/06,12500
132,2350,넥센타이어,2007/06,49900
133,27970,세하,2007/06,21500
134,6650,대한유화,2007/06,52400
135,7310,오뚜기,2007/06,125000
136,3570,S&T중공업,2007/06,12900
137,480,조선내화,2007/06,93000
138,69260,휴켐스,2007/06,17200
139,2000,한국유리,2007/06,37400
140,2030,아세아시멘트,2007/06,78600
141,2240,고려제강,2007/06,34500
142,3030,세아제강,2007/06,63000
143,4980,성신양회,2007/06,19950
144,5180,빙그레,2007/06,40700
145,6390,현대시멘트,2007/06,51800
146,8000,새한,2007/06,8380
147,8060,대덕전자,2007/06,7750
148,16380,동부제강,2007/06,14100
149,16800,퍼시스,2007/06,27250
150,64960,S&T대우,2007/06,30550
151,1130,대한제분,2007/06,205000
152,1060,중외제약,2007/06,47400
153,1210,금호전기,2007/06,44850
154,1370,FnC코오롱,2007/06,21600
155,2270,롯데삼강,2007/06,205000
156,3120,일성신약,2007/06,108000
157,3640,유니온스틸,2007/06,27650
158,42700,한미반도체,2007/06,11800
159,4710,한솔LCD,2007/06,49050
160,8730,율촌화학,2007/06,11200
161,17960,한국카본,2007/06,10500
162,25540,한국단자,2007/06,25100
163,25860,남해화학,2007/06,5420
164,3940,삼양제넥스,2007/06,88200
165,230,일동제약,2007/06,43500
166,84870,베이직하우스,2007/06,13400
167,3230,삼양식품,2007/06,29700
168,3520,영진약품,2007/06,2030
169,3830,대한화섬,2007/06,173000
170,4130,대덕GDS,2007/06,9840
171,5680,삼영전자,2007/06,9450
172,9200,무림페이퍼,2007/06,10150
173,9290,광동제약,2007/06,4030
174,9720,전기초자,2007/06,29800
175,13240,셀런,2007/06,6050
176,13570,동양기전,2007/06,7150
177,14820,동원시스템즈,2007/06,2070
178,15860,일진전기,2007/06,5440
179,25000,포리올,2007/06,56000
180,49770,동원F&B,2007/06,70300
181,2300,한국제지,2007/06,36650
182,430,대원강업,2007/06,19650
183,58430,포항강판,2007/06,24000
184,5740,크라운제과,2007/06,104500
185,5850,에스엘,2007/06,8200
186,6380,카프로,2007/06,3435
187,6840,애경유화,2007/06,28200
188,8900,트라이브랜즈,2007/06,6700
189,10780,동서산업,2007/06,17500
190,11000,VGX인터,2007/06,7000
191,11930,신성이엔지,2007/06,3760
192,16580,환인제약,2007/06,15100
193,25560,미래산업,2007/06,630
194,29460,케이씨텍,2007/06,5410
195,33240,자화전자,2007/06,6890
196,5500,삼진제약,2007/06,50300
197,2630,오리엔트바이오,2007/06,2170
198,7190,이엔페이퍼,2007/06,3810
199,6200,KEC홀딩스,2007/06,1660
0,5930,삼성전자,2008/06,625000
1,5490,POSCO,2008/06,544000
2,9540,현대중공업,2008/06,324000
3,60000,국민은행,2008/06,61800
4,15760,한국전력,2008/06,30750
5,55550,신한지주,2008/06,47300
6,66570,LG전자,2008/06,118500
7,5380,현대차,2008/06,71000
8,17670,SK텔레콤,2008/06,190500
9,34220,LG디스플레이,2008/06,39200
10,53000,우리금융,2008/06,16650
11,33780,KT&G,2008/06,90000
12,30200,KT,2008/06,44750
13,3550,LG,2008/06,67900
14,660,하이닉스,2008/06,25000
15,96770,SK에너지,2008/06,116500
16,4170,신세계,2008/06,563000
17,34020,두산중공업,2008/06,99000
18,810,삼성화재,2008/06,218500
19,4940,외환은행,2008/06,14350
20,23530,롯데쇼핑,2008/06,311500
21,830,삼성물산,2008/06,56600
22,10140,삼성중공업,2008/06,37300
23,86790,하나금융지주,2008/06,40250
24,42660,대우조선해양,2008/06,40900
25,720,현대건설,2008/06,69500
26,10950,S-Oil,2008/06,67200
27,51910,LG화학,2008/06,100000
28,12330,현대모비스,2008/06,84700
29,10060,동양제철화학,2008/06,353000
30,4020,현대제철,2008/06,78800
31,24110,기업은행,2008/06,15950
32,3600,SK,2008/06,129000
33,36460,한국가스공사,2008/06,76200
34,6360,GS건설,2008/06,114500
35,32390,KTF,2008/06,28050
36,11200,현대상선,2008/06,39250
37,47040,대우건설,2008/06,15800
38,42670,두산인프라코어,2008/06,30300
39,35250,강원랜드,2008/06,22900
40,2380,KCC,2008/06,435500
41,1740,SK네트웍스,2008/06,18000
42,16360,삼성증권,2008/06,65300
43,150,두산,2008/06,175000
44,47050,대우인터내셔,2008/06,43950
45,10620,현대미포조선,2008/06,205000
46,37620,미래에셋증권,2008/06,102500
47,12630,현대산업,2008/06,53000
48,270,기아차,2008/06,11050
49,6400,삼성SDI,2008/06,83600
50,90430,아모레퍼시픽,2008/06,648000
51,210,대림산업,2008/06,107000
52,78930,GS,2008/06,40000
53,12450,삼성테크윈,2008/06,46350
54,6800,대우증권,2008/06,18850
55,3490,대한항공,2008/06,49200
56,700,한진해운,2008/06,40600
57,51900,LG생활건강,2008/06,205000
58,28050,삼성엔지니어링,2008/06,78300
59,6260,LS전선,2008/06,91600
60,9150,삼성전기,2008/06,38800
61,1230,동국제강,2008/06,45100
62,880,한화,2008/06,37000
63,10130,고려아연,2008/06,143000
64,4800,효성,2008/06,74400
65,5940,우리투자증권,2008/06,19000
66,140,하이트맥주,2008/06,117500
67,12750,에스원,2008/06,62800
68,1300,제일모직,2008/06,48500
69,11170,호남석유,2008/06,74600
70,21240,웅진코웨이,2008/06,30700
71,67250,STX조선,2008/06,30250
72,71050,한국금융지주,2008/06,41850
73,240,한국타이어,2008/06,14550
74,1440,대한전선,2008/06,44000
75,3450,현대증권,2008/06,12650
76,100,유한양행,2008/06,219000
77,5280,부산은행,2008/06,14000
78,11810,STX,2008/06,57000
79,69960,현대백화점,2008/06,84700
80,4990,롯데제과,2008/06,1269000
81,5270,대구은행,2008/06,13900
82,1040,CJ,2008/06,62000
83,10120,LS산전,2008/06,51400
84,3690,코리안리,2008/06,12050
85,4000,삼성정밀화학,2008/06,52500
86,25860,남해화학,2008/06,28100
87,4370,농심,2008/06,223500
88,1800,오리온,2008/06,221500
89,8930,한미약품,2008/06,154000
90,5300,롯데칠성,2008/06,1011000
91,11780,금호석유,2008/06,45800
92,77970,STX엔진,2008/06,40850
93,2990,금호산업,2008/06,24050
94,30000,제일기획,2008/06,248000
95,9830,한화석화,2008/06,11600
96,640,동아제약,2008/06,106500
97,42100,현대오토넷,2008/06,4700
98,18880,한라공조,2008/06,10400
99,2790,태평양,2008/06,128500
100,1940,한국철강,2008/06,84900
101,3240,태광산업,2008/06,947000
102,34120,SBS,2008/06,55000
103,36570,엔씨소프트,2008/06,51000
104,10520,현대하이스코,2008/06,12800
105,1120,LG상사,2008/06,22950
106,670,영풍,2008/06,470000
107,69620,대웅제약,2008/06,86400
108,68870,LG생명과학,2008/06,52600
109,1430,세아베스틸,2008/06,22000
110,93050,LG패션,2008/06,28500
111,6120,SK케미칼,2008/06,39650
112,6280,녹십자,2008/06,91700
113,29530,신도리코,2008/06,76300
114,7570,일양약품,2008/06,54000
115,3410,쌍용양회,2008/06,10100
116,3000,부광약품,2008/06,26000
117,64420,케이피케미칼,2008/06,7540
118,3480,한진중공업홀딩스,2008/06,25300
119,3300,한일시멘트,2008/06,89000
120,73240,금호타이어,2008/06,8940
121,11790,SKC,2008/06,17500
122,17800,현대엘리베이,2008/06,85700
123,19680,대교,2008/06,69800
124,4150,한솔제지,2008/06,13800
125,8320,한국기술산업,2008/06,6930
126,1520,동양메이저,2008/06,6690
127,2020,코오롱,2008/06,29900
128,69260,휴켐스,2008/06,24100
129,3620,쌍용차,2008/06,3945
130,5810,풍산,2008/06,16300
131,3920,남양유업,2008/06,713000
132,70,삼양사,2008/06,48000
133,7310,오뚜기,2008/06,151500
134,990,동부하이텍,2008/06,10900
135,2240,고려제강,2008/06,45100
136,6650,대한유화,2008/06,50000
137,8000,웅진케미칼,2008/06,8690
138,15860,일진전기,2008/06,6800
139,64960,S&T대우,2008/06,36200
140,84010,대한제강,2008/06,96200
141,3030,세아제강,2008/06,66500
142,16380,동부제철,2008/06,13100
143,11400,케이씨오에너지,2008/06,2895
144,480,조선내화,2008/06,92300
145,3570,S&T중공업,2008/06,12300
146,5180,빙그레,2008/06,36100
147,6380,카프로,2008/06,9050
148,2030,아세아시멘트,2008/06,61100
149,2000,한국유리,2008/06,27250
150,1680,대상,2008/06,9480
151,1130,대한제분,2008/06,189500
152,93370,후성,2008/06,4190
153,20,동화약품,2008/06,54600
154,50,경방,2008/06,142500
155,91090,세원셀론텍,2008/06,8000
156,27970,세하,2008/06,12800
157,25850,화인케미칼,2008/06,85400
158,25000,포리올,2008/06,55500
159,20000,한섬,2008/06,11700
160,16800,퍼시스,2008/06,24050
161,15590,대경기계,2008/06,5000
162,14830,유니드,2008/06,39100
163,14820,동원시스템즈,2008/06,2560
164,3640,유니온스틸,2008/06,27400
165,3120,일성신약,2008/06,100000
166,2350,넥센타이어,2008/06,2790
167,5680,삼영전자,2008/06,10050
168,2270,롯데삼강,2008/06,201000
169,1630,종근당,2008/06,19350
170,3940,삼양제넥스,2008/06,61400
171,230,일동제약,2008/06,36850
172,14990,인디에프,2008/06,2130
173,25540,한국단자,2008/06,21800
174,13570,동양기전,2008/06,6470
175,11930,신성이엔지,2008/06,6400
176,1060,중외제약,2008/06,20350
177,9720,전기초자,2008/06,31400
178,9290,광동제약,2008/06,3920
179,9200,무림페이퍼,2008/06,9980
180,8060,대덕전자,2008/06,3760
181,6390,현대시멘트,2008/06,31500
182,1210,금호전기,2008/06,27850
183,2300,한국제지,2008/06,37700
184,42700,한미반도체,2008/06,6530
185,1370,FnC코오롱,2008/06,14700
186,13240,셀런,2008/06,4410
187,17960,한국카본,2008/06,5950
188,4130,대덕GDS,2008/06,7010
189,4560,BNG스틸,2008/06,10050
190,4710,한솔LCD,2008/06,28050
191,4980,성신양회,2008/06,8350
192,8730,율촌화학,2008/06,6610
193,3520,영진약품,2008/06,1325
194,6840,애경유화,2008/06,28200
195,49770,동원F&B,2008/06,40500
196,84870,베이직하우스,2008/06,5660
197,3830,대한화섬,2008/06,117000
198,29460,케이씨텍,2008/06,5700
199,5740,크라운제과,2008/06,74700
0,5930,삼성전자,2009/06,592000
1,5490,POSCO,2009/06,423500
2,15760,한국전력,2009/06,29650
3,66570,LG전자,2009/06,117000
4,5380,현대차,2009/06,74100
5,55550,신한지주,2009/06,32250
6,105560,KB금융,2009/06,42800
7,9540,현대중공업,2009/06,190500
8,17670,SK텔레콤,2009/06,174000
9,34220,LG디스플레이,2009/06,31800
10,3550,LG,2009/06,60900
11,33780,KT&G,2009/06,72000
12,12330,현대모비스,2009/06,111500
13,30200,KT,2009/06,36750
14,4170,신세계,2009/06,505000
15,96770,SK에너지,2009/06,102500
16,51910,LG화학,2009/06,139500
17,810,삼성화재,2009/06,188000
18,35420,NHN,2009/06,176500
19,53000,우리금융,2009/06,10200
20,660,하이닉스,2009/06,13650
21,23530,롯데쇼핑,2009/06,262000
22,830,삼성물산,2009/06,42950
23,10140,삼성중공업,2009/06,29000
24,34020,두산중공업,2009/06,61300
25,10950,S-Oil,2009/06,56900
26,4940,외환은행,2009/06,9920
27,24110,기업은행,2009/06,10950
28,720,현대건설,2009/06,53400
29,86790,하나금융지주,2009/06,27400
30,29780,삼성카드,2009/06,44950
31,4020,현대제철,2009/06,59000
32,3600,SK,2009/06,106500
33,6400,삼성SDI,2009/06,103500
34,270,기아차,2009/06,12600
35,16360,삼성증권,2009/06,67800
36,9150,삼성전기,2009/06,61000
37,10060,OCI,2009/06,214500
38,47040,대우건설,2009/06,12900
39,2380,KCC,2009/06,377000
40,90430,아모레퍼시픽,2009/06,683000
41,36570,엔씨소프트,2009/06,183000
42,42660,대우조선해양,2009/06,20000
43,12450,삼성테크윈,2009/06,72000
44,6360,GS건설,2009/06,74000
45,36460,한국가스공사,2009/06,47300
46,6800,대우증권,2009/06,19000
47,1740,SK네트웍스,2009/06,14750
48,35250,강원랜드,2009/06,16300
49,51900,LG생활건강,2009/06,216000
50,28050,삼성엔지니어링,2009/06,84700
51,4800,효성,2009/06,93400
52,11200,현대상선,2009/06,24450
53,6260,LS,2009/06,94200
54,12630,현대산업,2009/06,40350
55,37620,미래에셋증권,2009/06,69500
56,78930,GS,2009/06,29900
57,47050,대우인터내셔널,2009/06,27550
58,10130,고려아연,2009/06,138500
59,10620,현대미포조선,2009/06,126500
60,3490,대한항공,2009/06,35600
61,240,한국타이어,2009/06,16650
62,11170,호남석유,2009/06,76700
63,880,한화,2009/06,32850
64,28670,STX팬오션,2009/06,11800
65,3450,현대증권,2009/06,13950
66,42670,두산인프라코어,2009/06,14150
67,10120,LS산전,2009/06,76200
68,1300,제일모직,2009/06,45900
69,21240,웅진코웨이,2009/06,31000
70,150,두산,2009/06,89000
71,210,대림산업,2009/06,61800
72,69960,현대백화점,2009/06,89600
73,12750,에스원,2009/06,54200
74,5940,우리투자증권,2009/06,15000
75,71050,한국금융지주,2009/06,36700
76,120,대한통운,2009/06,81600
77,100,유한양행,2009/06,187000
78,97950,CJ제일제당,2009/06,149500
79,5280,부산은행,2009/06,8750
80,1230,동국제강,2009/06,25850
81,97230,한진중공업,2009/06,33200
82,5270,대구은행,2009/06,11700
83,700,한진해운,2009/06,17800
84,9830,한화석화,2009/06,10450
85,4990,롯데제과,2009/06,1000000
86,4370,농심,2009/06,229000
87,4000,삼성정밀화학,2009/06,53100
88,1800,오리온,2009/06,220000
89,8930,한미약품,2009/06,137500
90,1040,CJ,2009/06,43400
91,67250,STX조선해양,2009/06,16100
92,6120,SK케미칼,2009/06,52700
93,25860,남해화학,2009/06,21050
94,5300,롯데칠성,2009/06,850000
95,30000,제일기획,2009/06,234000
96,18880,한라공조,2009/06,9640
97,1440,대한전선,2009/06,20950
98,1120,LG상사,2009/06,25000
99,11810,STX,2009/06,23350
100,2790,태평양,2009/06,117000
101,640,동아제약,2009/06,86800
102,10520,현대하이스코,2009/06,11200
103,64420,케이피케미칼,2009/06,8790
104,6280,녹십자,2009/06,95600
105,670,영풍,2009/06,458500
106,68870,LG생명과학,2009/06,54300
107,11790,SKC,2009/06,22000
108,77970,STX엔진,2009/06,27250
109,34120,SBS,2009/06,43650
110,11780,금호석유,2009/06,29850
111,93050,LG패션,2009/06,24200
112,3240,태광산업,2009/06,642000
113,2990,금호산업,2009/06,14300
114,69620,대웅제약,2009/06,57200
115,2020,코오롱,2009/06,33700
116,1430,세아베스틸,2009/06,16900
117,69260,휴켐스,2009/06,26700
118,8000,웅진케미칼,2009/06,1150
119,3300,한일시멘트,2009/06,74200
120,2240,고려제강,2009/06,44550
121,17800,현대엘리베이,2009/06,66100
122,29530,신도리코,2009/06,52600
123,3570,S&T중공업,2009/06,15600
124,3410,쌍용양회,2009/06,6380
125,3480,한진중공업홀딩스,2009/06,17150
126,2350,넥센타이어,2009/06,5320
127,19680,대교,2009/06,5190
128,7310,오뚜기,2009/06,128000
129,5180,빙그레,2009/06,44000
130,70,삼양사,2009/06,42800
131,91090,세원셀론텍,2009/06,9950
132,140,하이트홀딩스,2009/06,31450
133,990,동부하이텍,2009/06,10000
134,1520,동양메이저,2009/06,4650
135,7570,일양약품,2009/06,28500
136,3920,남양유업,2009/06,487000
137,4150,한솔제지,2009/06,8840
138,4490,세방전지,2009/06,26600
139,3000,부광약품,2009/06,14600
140,50,경방,2009/06,151500
141,5500,삼진제약,2009/06,23500
142,6380,카프로,2009/06,7410
143,6650,대한유화,2009/06,40000
144,8320,한국기술산업,2009/06,3040
145,16380,동부제철,2009/06,10350
146,16800,퍼시스,2009/06,22850
147,73240,금호타이어,2009/06,4700
148,84010,대한제강,2009/06,13100
149,85310,엔케이,2009/06,18800
150,93370,후성,2009/06,3845
151,1630,종근당,2009/06,18900
152,9680,모토닉,2009/06,7830
153,2270,롯데삼강,2009/06,180000
154,1210,금호전기,2009/06,34300
155,1940,KISCO홀딩스,2009/06,63800
156,20000,한섬,2009/06,10650
157,17960,한국카본,2009/06,7770
158,51310,성진지오텍,2009/06,7150
159,3030,세아제강,2009/06,40450
160,14830,유니드,2009/06,34650
161,15590,대경기계,2009/06,4380
162,20,동화약품,2009/06,49500
163,5090,삼광유리,2009/06,37850
164,5680,삼영전자,2009/06,10750
165,7340,동아타이어,2009/06,7890
166,8060,대덕전자,2009/06,3790
167,8730,율촌화학,2009/06,7300
168,9200,무림페이퍼,2009/06,8060
169,9290,광동제약,2009/06,3010
170,9440,KC코트렐,2009/06,11000
171,9580,동해펄프,2009/06,6250
172,9720,전기초자,2009/06,25350
173,4710,한솔LCD,2009/06,25300
174,4130,대덕GDS,2009/06,8680
175,3940,삼양제넥스,2009/06,53800
176,3640,유니온스틸,2009/06,19400
177,3120,일성신약,2009/06,62800
178,2300,한국제지,2009/06,39700
179,2030,아세아시멘트,2009/06,45200
180,1790,대한제당,2009/06,53800
181,1680,대상,2009/06,5550
182,1130,대한제분,2009/06,106000
183,480,조선내화,2009/06,52400
184,64960,S&T대우,2009/06,18500
185,230,일동제약,2009/06,33400
186,25540,한국단자,2009/06,16900
187,25000,KPX케미칼,2009/06,46450
188,14820,동원시스템즈,2009/06,1245
189,6840,애경유화,2009/06,16900
190,2390,한독약품,2009/06,12700
191,6390,현대시멘트,2009/06,13000
192,3520,영진약품,2009/06,1310
193,11400,케이씨오에너지,2009/06,1250
194,27970,세하,2009/06,4130
195,1060,중외제약,2009/06,13700
196,25850,KPX화인케미칼,2009/06,34200
197,13570,동양기전,2009/06,3245
198,11930,신성홀딩스,2009/06,4770
199,14990,인디에프,2009/06,1215
0,5930,삼성전자,2010/06,774000
1,5490,POSCO,2010/06,466500
2,5380,현대차,2010/06,144500
3,55550,신한지주,2010/06,45650
4,51910,LG화학,2010/06,309500
5,15760,한국전력,2010/06,31600
6,12330,현대모비스,2010/06,207000
7,105560,KB금융,2010/06,47500
8,9540,현대중공업,2010/06,235000
9,660,하이닉스,2010/06,25050
10,34220,LG디스플레이,2010/06,41000
11,66570,LG전자,2010/06,94000
12,17670,SK텔레콤,2010/06,160500
13,270,기아차,2010/06,32700
14,30200,KT,2010/06,45150
15,53000,우리금융,2010/06,14600
16,9150,삼성전기,2010/06,154500
17,3550,LG,2010/06,66000
18,23530,롯데쇼핑,2010/06,352000
19,96770,SK에너지,2010/06,110000
20,4170,신세계,2010/06,531000
21,810,삼성화재,2010/06,195500
22,35420,NHN,2010/06,183500
23,33780,KT&G,2010/06,60200
24,830,삼성물산,2010/06,52100
25,4940,외환은행,2010/06,12600
26,34020,두산중공업,2010/06,75600
27,6400,삼성SDI,2010/06,173000
28,24110,기업은행,2010/06,14500
29,4020,현대제철,2010/06,90400
30,86790,하나금융지주,2010/06,32850
31,720,현대건설,2010/06,56700
32,29780,삼성카드,2010/06,49700
33,10950,S-Oil,2010/06,53800
34,90430,아모레퍼시픽,2010/06,1041000
35,3490,대한항공,2010/06,82000
36,10060,OCI,2010/06,249000
37,12450,삼성테크윈,2010/06,106000
38,51900,LG생활건강,2010/06,348000
39,10140,삼성중공업,2010/06,23100
40,86280,글로비스,2010/06,134500
41,1300,제일모직,2010/06,94400
42,11200,현대상선,2010/06,35800
43,11170,호남석유,2010/06,146500
44,28050,삼성엔지니어링,2010/06,114500
45,36570,엔씨소프트,2010/06,203500
46,240,한국타이어,2010/06,27950
47,3600,SK,2010/06,87400
48,10130,고려아연,2010/06,218000
49,35250,강원랜드,2010/06,18500
50,32640,LG텔레콤,2010/06,7660
51,6800,대우증권,2010/06,20250
52,6360,GS건설,2010/06,75000
53,16360,삼성증권,2010/06,54600
54,78930,GS,2010/06,38400
55,42660,대우조선해양,2010/06,18750
56,47040,대우건설,2010/06,10350
57,36460,한국가스공사,2010/06,42050
58,42670,두산인프라코어,2010/06,19200
59,47050,대우인터내셔널,2010/06,31000
60,21240,웅진코웨이,2010/06,41100
61,2380,KCC,2010/06,296500
62,11070,LG이노텍,2010/06,162500
63,6260,LS,2010/06,88400
64,97950,CJ제일제당,2010/06,224500
65,880,한화,2010/06,37300
66,4800,효성,2010/06,78200
67,150,두산,2010/06,111500
68,69960,현대백화점,2010/06,117500
69,10620,현대미포조선,2010/06,129500
70,1740,SK네트웍스,2010/06,10400
71,9830,한화케미칼,2010/06,17750
72,10120,LS산전,2010/06,78000
73,28670,STX팬오션,2010/06,11300
74,37620,미래에셋증권,2010/06,54000
75,210,대림산업,2010/06,63700
76,1800,오리온,2010/06,368500
77,5940,우리투자증권,2010/06,15900
78,12630,현대산업,2010/06,27500
79,5280,부산은행,2010/06,11150
80,3450,현대증권,2010/06,11750
81,12750,에스원,2010/06,52200
82,4990,롯데제과,2010/06,1275000
83,5270,대구은행,2010/06,14000
84,1040,CJ,2010/06,60000
85,71050,한국금융지주,2010/06,31500
86,18880,한라공조,2010/06,16400
87,4000,삼성정밀화학,2010/06,64200
88,100,유한양행,2010/06,153000
89,30000,제일기획,2010/06,12850
90,6120,SK케미칼,2010/06,66900
91,120,대한통운,2010/06,61000
92,103150,하이트맥주,2010/06,146500
93,4370,농심,2010/06,229000
94,10520,현대하이스코,2010/06,17850
95,11780,금호석유,2010/06,51500
96,640,동아제약,2010/06,123000
97,1230,동국제강,2010/06,22000
98,97230,한진중공업,2010/06,26050
99,2790,태평양,2010/06,157000
100,6280,녹십자,2010/06,140500
101,1120,LG상사,2010/06,30900
102,11790,SKC,2010/06,29450
103,64420,케이피케미칼,2010/06,11600
104,670,영풍,2010/06,567000
105,5300,롯데칠성,2010/06,793000
106,3240,태광산업,2010/06,747000
107,11810,STX,2010/06,17550
108,67250,STX조선해양,2010/06,11500
109,93050,LG패션,2010/06,28600
110,103140,풍산,2010/06,30850
111,108670,LG하우시스,2010/06,92500
112,700,한진해운홀딩스,2010/06,18900
113,68870,LG생명과학,2010/06,48150
114,8930,한미약품,2010/06,86200
115,1430,세아베스틸,2010/06,20000
116,25860,남해화학,2010/06,14000
117,2350,넥센타이어,2010/06,7540
118,1440,대한전선,2010/06,9850
119,3570,S&T중공업,2010/06,18700
120,77970,STX엔진,2010/06,20950
121,34120,SBS,2010/06,34100
122,69260,휴켐스,2010/06,26150
123,4150,한솔제지,2010/06,14100
124,70,삼양사,2010/06,56700
125,16380,동부제철,2010/06,10500
126,8000,웅진케미칼,2010/06,1135
127,6380,카프로,2010/06,14800
128,140,하이트홀딩스,2010/06,21600
129,990,동부하이텍,2010/06,11600
130,2240,고려제강,2010/06,36150
131,3300,한일시멘트,2010/06,60500
132,69620,대웅제약,2010/06,46250
133,6650,대한유화,2010/06,55600
134,7310,오뚜기,2010/06,139500
135,19680,대교,2010/06,5450
136,29530,신도리코,2010/06,49500
137,5180,빙그레,2010/06,50500
138,2270,롯데삼강,2010/06,289000
139,3000,부광약품,2010/06,14050
140,3410,쌍용양회,2010/06,5390
141,3920,남양유업,2010/06,500000
142,103590,일진전기,2010/06,11100
143,8060,대덕전자,2010/06,7510
144,16800,퍼시스,2010/06,33000
145,20000,한섬,2010/06,15300
146,51310,성진지오텍,2010/06,11950
147,4490,세방전지,2010/06,29100
148,1210,금호전기,2010/06,46300
149,1680,대상,2010/06,9050
150,3190,알앤엘바이오,2010/06,4115
151,3480,한진중공업홀딩스,2010/06,11750
152,4710,한솔LCD,2010/06,54400
153,104700,한국철강,2010/06,30700
154,9680,모토닉,2010/06,10500
155,9720,전기초자,2010/06,34400
156,14830,유니드,2010/06,42000
157,17800,현대엘리베이,2010/06,48600
158,64960,S&T대우,2010/06,27950
159,7570,일양약품,2010/06,22400
160,50,경방,2010/06,112000
161,93370,후성,2010/06,3230
162,1130,대한제분,2010/06,162000
163,1630,종근당,2010/06,18350
164,2020,코오롱,2010/06,30900
165,2030,아세아시멘트,2010/06,46250
166,3030,세아제강,2010/06,37950
167,3640,유니온스틸,2010/06,22800
168,4130,대덕GDS,2010/06,10550
169,4430,송원산업,2010/06,10400
170,5090,삼광유리,2010/06,43400
171,5680,삼영전자,2010/06,11400
172,8730,율촌화학,2010/06,8870
173,9580,무림P&P,2010/06,7480
174,25000,KPX케미칼,2010/06,48150
175,25540,한국단자,2010/06,20700
176,25850,KPX화인케미칼,2010/06,64000
177,84010,대한제강,2010/06,8630
178,480,조선내화,2010/06,54200
179,20,동화약품,2010/06,5320
180,100840,S&TC,2010/06,23500
181,1060,중외제약,2010/06,17300
182,1520,동양메이저,2010/06,2485
183,1790,대한제당,2010/06,44050
184,1940,KISCO홀딩스,2010/06,45000
185,2300,한국제지,2010/06,33900
186,2390,한독약품,2010/06,14300
187,3120,일성신약,2010/06,69600
188,3940,삼양제넥스,2010/06,62600
189,5500,삼진제약,2010/06,12150
190,7340,동아타이어,2010/06,8170
191,9200,무림페이퍼,2010/06,8430
192,9290,광동제약,2010/06,2890
193,14820,동원시스템즈,2010/06,1385
194,15590,대경기계,2010/06,2415
195,17960,한국카본,2010/06,5760
196,85310,엔케이,2010/06,10550
197,91090,세원셀론텍,2010/06,5370
198,230,일동제약,2010/06,34250
199,3520,영진약품,2010/06,825
0,5930,삼성전자,2011/06,826000
1,5380,현대차,2011/06,237000
2,5490,POSCO,2011/06,464000
3,12330,현대모비스,2011/06,400000
4,9540,현대중공업,2011/06,443500
5,51910,LG화학,2011/06,488000
6,270,기아차,2011/06,72300
7,55550,신한지주,2011/06,50900
8,105560,KB금융,2011/06,50500
9,32830,삼성생명,2011/06,95000
10,96770,SK이노베이션,2011/06,200500
11,15760,한국전력,2011/06,28350
12,10950,S-Oil,2011/06,137500
13,660,하이닉스,2011/06,25050
14,23530,롯데쇼핑,2011/06,509000
15,3550,LG,2011/06,80300
16,17670,SK텔레콤,2011/06,161500
17,830,삼성물산,2011/06,82000
18,11170,호남석유,2011/06,395500
19,66570,LG전자,2011/06,82900
20,810,삼성화재,2011/06,248000
21,53000,우리금융,2011/06,13950
22,4020,현대제철,2011/06,129500
23,10140,삼성중공업,2011/06,47600
24,30200,KT,2011/06,40700
25,34220,LG디스플레이,2011/06,29550
26,24110,기업은행,2011/06,18650
27,28050,삼성엔지니어링,2011/06,255000
28,10060,OCI,2011/06,403000
29,720,현대건설,2011/06,86100
30,35420,NHN,2011/06,189000
31,86790,하나금융지주,2011/06,37300
32,33780,KT&G,2011/06,66400
33,3600,SK,2011/06,185000
34,42660,대우조선해양,2011/06,45250
35,10130,고려아연,2011/06,409500
36,6400,삼성SDI,2011/06,163500
37,78930,GS,2011/06,78100
38,51900,LG생활건강,2011/06,459000
39,9830,한화케미칼,2011/06,50400
40,29780,삼성카드,2011/06,57800
41,90430,아모레퍼시픽,2011/06,1188000
42,9150,삼성전기,2011/06,92200
43,240,한국타이어,2011/06,45550
44,6360,GS건설,2011/06,130000
45,88350,대한생명,2011/06,7740
46,34730,SK C&C,2011/06,130000
47,86280,현대글로비스,2011/06,172000
48,1300,제일모직,2011/06,127500
49,36570,엔씨소프트,2011/06,291000
50,35250,강원랜드,2011/06,28600
51,4940,외환은행,2011/06,9600
52,11780,금호석유,2011/06,235000
53,34020,두산중공업,2011/06,56500
54,16360,삼성증권,2011/06,79000
55,3490,대한항공,2011/06,69700
56,12450,삼성테크윈,2011/06,92900
57,210,대림산업,2011/06,128500
58,11200,현대상선,2011/06,31600
59,47040,대우건설,2011/06,10700
60,10520,현대하이스코,2011/06,51100
61,42670,두산인프라코어,2011/06,23700
62,69960,현대백화점,2011/06,173500
63,47050,대우인터내셔널,2011/06,37900
64,880,한화,2011/06,48750
65,6260,LS,2011/06,110000
66,2380,KCC,2011/06,334000
67,6800,대우증권,2011/06,17850
68,10620,현대미포조선,2011/06,169500
69,4170,신세계,2011/06,339500
70,4800,효성,2011/06,91800
71,150,두산,2011/06,125000
72,97950,CJ제일제당,2011/06,235500
73,32640,LG유플러스,2011/06,5790
74,21240,웅진코웨이,2011/06,38000
75,138930,BS금융지주,2011/06,15100
76,36460,한국가스공사,2011/06,37000
77,1740,SK네트웍스,2011/06,10900
78,18880,한라공조,2011/06,25700
79,1800,오리온,2011/06,456000
80,120,대한통운,2011/06,108000
81,120110,코오롱인더,2011/06,103000
82,67250,STX조선해양,2011/06,31550
83,1230,동국제강,2011/06,41000
84,4990,롯데제과,2011/06,1701000
85,64420,케이피케미칼,2011/06,24550
86,11790,SKC,2011/06,67600
87,5940,우리투자증권,2011/06,17150
88,52690,한전기술,2011/06,60000
89,12630,현대산업,2011/06,29900
90,10120,LS산전,2011/06,77000
91,115390,락앤락,2011/06,43350
92,1040,CJ,2011/06,72700
93,12750,에스원,2011/06,55200
94,1430,세아베스틸,2011/06,58500
95,1120,LG상사,2011/06,54400
96,670,영풍,2011/06,1070000
97,71050,한국금융지주,2011/06,36100
98,11070,LG이노텍,2011/06,96400
99,3450,현대증권,2011/06,11900
100,2350,넥센타이어,2011/06,19350
101,37620,미래에셋증권,2011/06,44850
102,3240,태광산업,2011/06,1650000
103,2790,아모레G,2011/06,217000
104,97230,한진중공업,2011/06,35850
105,30000,제일기획,2011/06,15850
106,4000,삼성정밀화학,2011/06,68500
107,5300,롯데칠성,2011/06,1320000
108,6280,녹십자,2011/06,161500
109,73240,금호타이어,2011/06,16600
110,28670,STX팬오션,2011/06,7480
111,80,진로,2011/06,34850
112,6120,SK케미칼,2011/06,71600
113,4370,농심,2011/06,243500
114,100,유한양행,2011/06,135000
115,93050,LG패션,2011/06,41950
116,6380,카프로,2011/06,32300
117,17800,현대엘리베이,2011/06,106500
118,11810,STX,2011/06,22550
119,70,삼양사,2011/06,105000
120,640,동아제약,2011/06,94900
121,3620,쌍용차,2011/06,8430
122,103150,하이트맥주,2011/06,112000
123,6650,대한유화,2011/06,154000
124,69260,휴켐스,2011/06,25700
125,103140,풍산,2011/06,38500
126,5850,에스엘,2011/06,29900
127,1440,대한전선,2011/06,6450
128,77970,STX엔진,2011/06,30900
129,68870,LG생명과학,2011/06,48550
130,93370,후성,2011/06,8600
131,10690,화신,2011/06,20000
132,2240,고려제강,2011/06,48050
133,4490,세방전지,2011/06,47800
134,5180,빙그레,2011/06,61500
135,108670,LG하우시스,2011/06,75400
136,20000,한섬,2011/06,26350
137,25860,남해화학,2011/06,12850
138,8000,웅진케미칼,2011/06,1215
139,700,한진해운홀딩스,2011/06,12650
140,84870,베이직하우스,2011/06,24350
141,3030,세아제강,2011/06,87500
142,3410,쌍용양회,2011/06,6840
143,3570,S&T중공업,2011/06,16050
144,3920,남양유업,2011/06,783000
145,7310,오뚜기,2011/06,141500
146,7860,한일이화,2011/06,12950
147,10780,아이에스동서,2011/06,28350
148,13570,동양기전,2011/06,17650
149,19680,대교,2011/06,5710
150,29530,신도리코,2011/06,48950
151,34120,SBS,2011/06,29500
152,51310,성진지오텍,2011/06,14250
153,2270,롯데삼강,2011/06,380000
154,990,동부하이텍,2011/06,9880
155,1520,동양메이저,2011/06,2000
156,1630,종근당,2011/06,28300
157,1680,대상,2011/06,11300
158,4150,한솔제지,2011/06,9370
159,4430,송원산업,2011/06,17000
160,69620,대웅제약,2011/06,38300
161,8060,대덕전자,2011/06,9110
162,9580,무림P&P,2011/06,6320
163,14830,유니드,2011/06,68400
164,16380,동부제철,2011/06,9150
165,33530,세종공업,2011/06,20500
166,64960,S&T대우,2011/06,33300
167,7690,국도화학,2011/06,70700
168,50,경방,2011/06,126000
169,104700,한국철강,2011/06,31000
170,480,조선내화,2011/06,65500
171,1130,대한제분,2011/06,168000
172,2020,코오롱,2011/06,28700
173,2960,한국쉘석유,2011/06,206000
174,3000,부광약품,2011/06,11850
175,3190,알앤엘바이오,2011/06,3435
176,3300,한일시멘트,2011/06,46300
177,3480,한진중공업홀딩스,2011/06,10900
178,4710,한솔테크닉스,2011/06,31550
179,5090,삼광유리,2011/06,68900
180,7570,일양약품,2011/06,20250
181,9680,모토닉,2011/06,9210
182,16800,퍼시스,2011/06,28500
183,25000,KPX케미칼,2011/06,62800
184,71970,STX메탈,2011/06,12350
185,103590,일진전기,2011/06,7780
186,140,하이트홀딩스,2011/06,15650
187,1210,금호전기,2011/06,28200
188,2030,아세아시멘트,2011/06,48600
189,3120,일성신약,2011/06,78800
190,3640,유니온스틸,2011/06,22450
191,4130,대덕GDS,2011/06,8790
192,84010,대한제강,2011/06,7780
193,7340,동아타이어,2011/06,9500
194,8730,율촌화학,2011/06,8620
195,17900,광전자,2011/06,4300
196,20760,일진디스플,2011/06,9000
197,25540,한국단자,2011/06,21850
198,5680,삼영전자,2011/06,11300
199,25850,KPX화인케미칼,2011/06,40450
0,5930,삼성전자,2012/06,1201000
1,5380,현대차,2012/06,232500
2,5490,POSCO,2012/06,363500
3,270,기아차,2012/06,74700
4,12330,현대모비스,2012/06,274500
5,9540,현대중공업,2012/06,257500
6,51910,LG화학,2012/06,292000
7,55550,신한지주,2012/06,39700
8,32830,삼성생명,2012/06,93100
9,660,SK하이닉스,2012/06,23850
10,15760,한국전력,2012/06,25650
11,105560,KB금융,2012/06,36900
12,96770,SK이노베이션,2012/06,138000
13,35420,NHN,2012/06,250000
14,33780,KT&G,2012/06,81200
15,810,삼성화재,2012/06,226000
16,830,삼성물산,2012/06,65400
17,10950,S-Oil,2012/06,90800
18,17670,SK텔레콤,2012/06,125000
19,53000,우리금융,2012/06,12450
20,66570,LG전자,2012/06,61000
21,51900,LG생활건강,2012/06,617000
22,3550,LG,2012/06,55000
23,23530,롯데쇼핑,2012/06,311500
24,86790,하나금융지주,2012/06,36200
25,10140,삼성중공업,2012/06,37300
26,86280,현대글로비스,2012/06,217500
27,9150,삼성전기,2012/06,106000
28,30200,KT,2012/06,30350
29,34220,LG디스플레이,2012/06,21350
30,11170,호남석유,2012/06,236500
31,10130,고려아연,2012/06,385000
32,720,현대건설,2012/06,65000
33,28050,삼성엔지니어링,2012/06,179500
34,4020,현대제철,2012/06,84000
35,24110,기업은행,2012/06,12750
36,240,한국타이어,2012/06,45300
37,6400,삼성SDI,2012/06,151500
38,3600,SK,2012/06,132500
39,90430,아모레퍼시픽,2012/06,1064000
40,34020,두산중공업,2012/06,57500
41,36570,엔씨소프트,2012/06,273000
42,1800,오리온,2012/06,948000
43,88350,대한생명,2012/06,6430
44,10060,OCI,2012/06,225500
45,34730,SK C&C,2012/06,106500
46,1300,제일모직,2012/06,99900
47,35250,강원랜드,2012/06,24350
48,4940,외환은행,2012/06,8150
49,42660,대우조선해양,2012/06,26200
50,78930,GS,2012/06,52000
51,11210,현대위아,2012/06,169000
52,97950,CJ제일제당,2012/06,325500
53,12450,삼성테크윈,2012/06,77100
54,29780,삼성카드,2012/06,31900
55,6360,GS건설,2012/06,76300
56,16360,삼성증권,2012/06,48950
57,3490,대한항공,2012/06,50300
58,47040,대우건설,2012/06,8760
59,11780,금호석유,2012/06,120000
60,11200,현대상선,2012/06,25050
61,47050,대우인터내셔널,2012/06,33000
62,6800,대우증권,2012/06,10500
63,69960,현대백화점,2012/06,142000
64,10520,현대하이스코,2012/06,40750
65,210,대림산업,2012/06,90200
66,52690,한전기술,2012/06,82100
67,36460,한국가스공사,2012/06,40500
68,60980,만도,2012/06,169000
69,42670,두산인프라코어,2012/06,18350
70,9830,한화케미칼,2012/06,21100
71,32640,LG유플러스,2012/06,5540
72,2380,KCC,2012/06,278000
73,6260,LS,2012/06,85700
74,21240,웅진코웨이,2012/06,35600
75,150,두산,2012/06,129500
76,18880,한라공조,2012/06,24200
77,2790,아모레G,2012/06,330000
78,138930,BS금융지주,2012/06,12650
79,10620,현대미포조선,2012/06,118000
80,1040,CJ,2012/06,79900
81,5940,우리투자증권,2012/06,11050
82,4990,롯데제과,2012/06,1564000
83,880,한화,2012/06,28150
84,71050,한국금융지주,2012/06,38000
85,12750,에스원,2012/06,57500
86,1740,SK네트웍스,2012/06,8660
87,30000,제일기획,2012/06,18200
88,4170,신세계,2012/06,210000
89,4800,효성,2012/06,54700
90,73240,금호타이어,2012/06,15300
91,10120,LS산전,2012/06,64700
92,2350,넥센타이어,2012/06,20150
93,115390,락앤락,2012/06,33650
94,12630,현대산업,2012/06,24150
95,120,CJ대한통운,2012/06,78100
96,120110,코오롱인더,2012/06,70200
97,11070,LG이노텍,2012/06,89300
98,5300,롯데칠성,2012/06,1467000
99,670,영풍,2012/06,890000
100,11790,SKC,2012/06,43950
101,4000,삼성정밀화학,2012/06,59800
102,80,하이트진로,2012/06,21600
103,6280,녹십자,2012/06,149000
104,100,유한양행,2012/06,133500
105,1120,LG상사,2012/06,35300
106,3450,현대증권,2012/06,8490
107,1430,세아베스틸,2012/06,38150
108,64420,케이피케미칼,2012/06,13250
109,37620,미래에셋증권,2012/06,31000
110,6120,SK케미칼,2012/06,57700
111,4370,농심,2012/06,206500
112,640,동아제약,2012/06,84000
113,1230,동국제강,2012/06,15300
114,69260,휴켐스,2012/06,22550
115,17800,현대엘리베이,2012/06,86000
116,28670,STX팬오션,2012/06,4500
117,3240,태광산업,2012/06,837000
118,93050,LG패션,2012/06,28600
119,67250,STX조선해양,2012/06,10450
120,5180,빙그레,2012/06,72000
121,103140,풍산,2012/06,27000
122,82740,두산엔진,2012/06,10600
123,5850,에스엘,2012/06,21050
124,2270,롯데삼강,2012/06,530000
125,3620,쌍용차,2012/06,5570
126,4490,세방전지,2012/06,46250
127,97230,한진중공업,2012/06,14100
128,20000,한섬,2012/06,25650
129,29530,신도리코,2012/06,63900
130,34120,SBS,2012/06,34000
131,6380,카프로,2012/06,16700
132,1680,대상,2012/06,17600
133,3030,세아제강,2012/06,90900
134,3920,남양유업,2012/06,771000
135,7310,오뚜기,2012/06,163000
136,128940,한미약품,2012/06,66400
137,11810,STX,2012/06,9780
138,51310,성진지오텍,2012/06,10300
139,68870,LG생명과학,2012/06,34200
140,108670,LG하우시스,2012/06,65800
141,8060,대덕전자,2012/06,11950
142,1440,대한전선,2012/06,2990
143,2240,고려제강,2012/06,32600
144,3570,S&T중공업,2012/06,13050
145,93370,후성,2012/06,5240
146,19680,대교,2012/06,5600
147,20150,일진머티리얼즈,2012/06,11000
148,25860,남해화학,2012/06,8670
149,6650,대한유화,2012/06,71900
150,430,대원강업,2012/06,5400
151,990,동부하이텍,2012/06,7380
152,3190,알앤엘바이오,2012/06,3870
153,3410,쌍용양회,2012/06,4480
154,4150,한솔제지,2012/06,7920
155,5950,이수화학,2012/06,22100
156,103130,웅진에너지,2012/06,5380
157,7860,한일이화,2012/06,9330
158,8000,웅진케미칼,2012/06,732
159,10690,화신,2012/06,10950
160,13570,동양기전,2012/06,13000
161,20760,일진디스플,2012/06,14850
162,7570,일양약품,2012/06,23500
163,70,삼양홀딩스,2012/06,48550
164,77970,STX엔진,2012/06,10400
165,700,한진해운홀딩스,2012/06,6020
166,1630,종근당,2012/06,20450
167,2020,코오롱,2012/06,24350
168,2960,한국쉘석유,2012/06,213500
169,3000,부광약품,2012/06,11450
170,3300,한일시멘트,2012/06,32300
171,4430,송원산업,2012/06,9750
172,5090,삼광유리,2012/06,56600
173,7340,동아타이어,2012/06,11600
174,7690,국도화학,2012/06,45000
175,9420,한올바이오파마,2012/06,6970
176,9580,무림P&P,2012/06,4005
177,10780,아이에스동서,2012/06,9870
178,33530,세종공업,2012/06,13350
179,33920,무학,2012/06,11150
180,64960,S&T모티브,2012/06,20150
181,69620,대웅제약,2012/06,24350
182,480,조선내화,2012/06,60100
183,50,경방,2012/06,93000
184,104700,한국철강,2012/06,22000
185,1130,대한제분,2012/06,108500
186,1520,동양,2012/06,899
187,3120,일성신약,2012/06,79400
188,3480,한진중공업홀딩스,2012/06,7190
189,4710,한솔테크닉스,2012/06,13050
190,5690,파미셀,2012/06,5890
191,8040,동아원,2012/06,2950
192,9680,모토닉,2012/06,6910
193,14830,유니드,2012/06,35150
194,16380,동부제철,2012/06,4570
195,25000,KPX케미칼,2012/06,48000
196,25540,한국단자,2012/06,21850
197,84870,베이직하우스,2012/06,10900
198,103590,일진전기,2012/06,4385
199,140,하이트진로홀딩스,2012/06,9370
0,5930,삼성전자,2013/06,1342000
1,5380,현대차,2013/06,225500
2,12330,현대모비스,2013/06,273000
3,5490,POSCO,2013/06,298500
4,270,기아차,2013/06,62100
5,660,SK하이닉스,2013/06,31200
6,32830,삼성생명,2013/06,108000
7,55550,신한지주,2013/06,37600
8,15760,한국전력,2013/06,26500
9,17670,SK텔레콤,2013/06,210000
10,51910,LG화학,2013/06,253000
11,35420,NHN,2013/06,290500
12,9540,현대중공업,2013/06,183500
13,105560,KB금융,2013/06,34200
14,96770,SK이노베이션,2013/06,135500
15,66570,LG전자,2013/06,73000
16,23530,롯데쇼핑,2013/06,355000
17,810,삼성화재,2013/06,233000
18,3550,LG,2013/06,63500
19,33780,KT&G,2013/06,74200
20,34220,LG디스플레이,2013/06,27450
21,86790,하나금융지주,2013/06,33250
22,30200,KT,2013/06,35800
23,51900,LG생활건강,2013/06,558000
24,53000,우리금융,2013/06,10550
25,830,삼성물산,2013/06,53900
26,10140,삼성중공업,2013/06,35800
27,10950,S-Oil,2013/06,73200
28,3600,SK,2013/06,169500
29,86280,현대글로비스,2013/06,193500
30,35250,강원랜드,2013/06,31600
31,9150,삼성전기,2013/06,87100
32,6400,삼성SDI,2013/06,136500
33,720,현대건설,2013/06,55900
34,24110,기업은행,2013/06,10950
35,88350,한화생명,2013/06,6580
36,1800,오리온,2013/06,953000
37,139480,이마트,2013/06,201000
38,4020,현대제철,2013/06,64200
39,90430,아모레퍼시픽,2013/06,915000
40,32640,LG유플러스,2013/06,11950
41,10130,고려아연,2013/06,277000
42,34730,SK C&C,2013/06,99800
43,11170,롯데케미칼,2013/06,143000
44,42660,대우조선해양,2013/06,25250
45,78930,GS,2013/06,51400
46,1300,제일모직,2013/06,89600
47,34020,두산중공업,2013/06,42500
48,29780,삼성카드,2013/06,38900
49,11210,현대위아,2013/06,170000
50,21240,코웨이,2013/06,55800
51,36460,한국가스공사,2013/06,52800
52,47050,대우인터내셔널,2013/06,35350
53,18880,한라비스테온공조,2013/06,36250
54,69960,현대백화점,2013/06,150000
55,16360,삼성증권,2013/06,46100
56,36570,엔씨소프트,2013/06,162000
57,2380,KCC,2013/06,328000
58,5830,동부화재,2013/06,48300
59,12450,삼성테크윈,2013/06,65200
60,97950,CJ제일제당,2013/06,259500
61,6800,대우증권,2013/06,10050
62,1040,CJ,2013/06,113500
63,10060,OCI,2013/06,134000
64,47040,대우건설,2013/06,7090
65,28050,삼성엔지니어링,2013/06,74100
66,47810,한국항공우주,2013/06,30500
67,210,대림산업,2013/06,86800
68,2790,아모레G,2013/06,348000
69,138930,BS금융지주,2013/06,14450
70,30000,제일기획,2013/06,24600
71,670,영풍,2013/06,1485000
72,150,두산,2013/06,128500
73,52690,한전기술,2013/06,69700
74,10520,현대하이스코,2013/06,34250
75,11780,금호석유,2013/06,82700
76,10620,현대미포조선,2013/06,126000
77,12750,에스원,2013/06,62800
78,9830,한화케미칼,2013/06,16700
79,71050,한국금융지주,2013/06,41550
80,6260,LS,2013/06,69500
81,4990,롯데제과,2013/06,1607000
82,3490,대한항공,2013/06,30750
83,7070,GS리테일,2013/06,29300
84,5940,우리투자증권,2013/06,11250
85,11200,현대상선,2013/06,14400
86,880,한화,2013/06,29400
87,120,CJ대한통운,2013/06,95400
88,80,하이트진로,2013/06,31200
89,100,유한양행,2013/06,184000
90,4170,신세계,2013/06,211000
91,4800,효성,2013/06,59000
92,11070,LG이노텍,2013/06,91200
93,60980,만도,2013/06,102500
94,12630,현대산업,2013/06,25000
95,37620,미래에셋증권,2013/06,41750
96,42670,두산인프라코어,2013/06,10700
97,10120,LS산전,2013/06,57300
98,5300,롯데칠성,2013/06,1380000
99,1740,SK네트웍스,2013/06,6440
100,4370,농심,2013/06,265500
101,2350,넥센타이어,2013/06,16350
102,6280,녹십자,2013/06,122500
103,73240,금호타이어,2013/06,10950
104,6360,GS건설,2013/06,28050
105,1120,LG상사,2013/06,31850
106,3620,쌍용차,2013/06,8930
107,128940,한미약품,2013/06,151000
108,120110,코오롱인더,2013/06,48400
109,7310,오뚜기,2013/06,356000
110,1430,세아베스틸,2013/06,31100
111,115390,락앤락,2013/06,19900
112,4000,삼성정밀화학,2013/06,42400
113,3450,현대증권,2013/06,6390
114,1680,대상,2013/06,31100
115,11790,SKC,2013/06,27900
116,5180,빙그레,2013/06,108000
117,3240,태광산업,2013/06,958000
118,108670,LG하우시스,2013/06,106000
119,2270,롯데푸드,2013/06,587000
120,4490,세방전지,2013/06,59300
121,93050,LG패션,2013/06,28200
122,17800,현대엘리베이,2013/06,59000
123,68870,LG생명과학,2013/06,48000
124,6120,SK케미칼,2013/06,40800
125,70,삼양홀딩스,2013/06,86700
126,1630,종근당,2013/06,55400
127,69260,휴켐스,2013/06,18400
128,34120,SBS,2013/06,43000
129,20000,한섬,2013/06,29050
130,1230,동국제강,2013/06,10850
131,3030,세아제강,2013/06,106500
132,3920,남양유업,2013/06,888000
133,19680,대교,2013/06,7240
134,105630,한세실업,2013/06,16650
135,44820,코스맥스,2013/06,45700
136,69620,대웅제약,2013/06,57200
137,97230,한진중공업,2013/06,10100
138,103140,풍산,2013/06,22950
139,29530,신도리코,2013/06,67200
140,240,한국타이어월드와이드,2013/06,21300
141,3410,쌍용양회,2013/06,7020
142,4150,한솔제지,2013/06,12550
143,51310,성진지오텍,2013/06,9950
144,7570,일양약품,2013/06,28700
145,7860,한일이화,2013/06,13350
146,5850,에스엘,2013/06,16400
147,430,대원강업,2013/06,7110
148,640,동아쏘시오홀딩스,2013/06,109000
149,2240,고려제강,2013/06,32900
150,2960,한국쉘석유,2013/06,374000
151,7340,동아타이어,2013/06,18300
152,8000,웅진케미칼,2013/06,10400
153,82740,두산엔진,2013/06,7200
154,10690,화신,2013/06,13950
155,20760,일진디스플,2013/06,16300
156,33920,무학,2013/06,18400
157,49770,동원F&B,2013/06,116000
158,78520,에이블씨엔씨,2013/06,40500
159,8060,대덕전자,2013/06,9500
160,3000,부광약품,2013/06,13500
161,93370,후성,2013/06,3920
162,3570,S&T중공업,2013/06,12500
163,4130,대덕GDS,2013/06,20300
164,4710,한솔테크닉스,2013/06,23600
165,7810,코리아써키트,2013/06,15900
166,9580,무림P&P,2013/06,6010
167,9680,모토닉,2013/06,11150
168,10780,아이에스동서,2013/06,14000
169,13570,동양기전,2013/06,10350
170,16800,퍼시스,2013/06,28450
171,20150,일진머티리얼즈,2013/06,10300
172,25540,한국단자,2013/06,32850
173,25860,남해화학,2013/06,7700
174,64960,S&T모티브,2013/06,26850
175,79980,휴비스,2013/06,10100
176,84870,베이직하우스,2013/06,16350
177,3300,한일시멘트,2013/06,50700
178,140,하이트진로홀딩스,2013/06,13050
179,104700,한국철강,2013/06,26500
180,1440,대한전선,2013/06,2500
181,1520,동양,2013/06,1035
182,2020,코오롱,2013/06,21300
183,4430,송원산업,2013/06,12450
184,5090,삼광글라스,2013/06,60300
185,5950,이수화학,2013/06,15650
186,6380,카프로,2013/06,6650
187,6650,대한유화,2013/06,43650
188,7690,국도화학,2013/06,44750
189,9420,한올바이오파마,2013/06,5650
190,14830,유니드,2013/06,43000
191,25000,KPX케미칼,2013/06,63200
192,33530,세종공업,2013/06,15200
193,67250,STX조선해양,2013/06,2980
194,990,동부하이텍,2013/06,6870
195,5690,파미셀,2013/06,3980
196,700,한진해운홀딩스,2013/06,4370
197,11810,STX,2013/06,1565
198,103130,웅진에너지,2013/06,1840
199,77970,STX엔진,2013/06,3040
0,5930,삼성전자,2014/06,1322000
1,5380,현대차,2014/06,229500
2,660,SK하이닉스,2014/06,48550
3,12330,현대모비스,2014/06,284000
4,35420,NAVER,2014/06,835000
5,5490,POSCO,2014/06,304000
6,15760,한국전력,2014/06,37300
7,270,기아차,2014/06,56600
8,55550,신한지주,2014/06,46850
9,32830,삼성생명,2014/06,102000
10,51910,LG화학,2014/06,296000
11,17670,SK텔레콤,2014/06,236500
12,105560,KB금융,2014/06,35200
13,9540,현대중공업,2014/06,177000
14,33780,KT&G,2014/06,89500
15,66570,LG전자,2014/06,74300
16,810,삼성화재,2014/06,257500
17,830,삼성물산,2014/06,74600
18,34220,LG디스플레이,2014/06,31800
19,86790,하나금융지주,2014/06,37500
20,3550,LG,2014/06,62500
21,96770,SK이노베이션,2014/06,113000
22,86280,현대글로비스,2014/06,269500
23,23530,롯데쇼핑,2014/06,308500
24,90430,아모레퍼시픽,2014/06,1524000
25,4020,현대제철,2014/06,74400
26,3600,SK,2014/06,182500
27,34730,SK C&C,2014/06,166500
28,53000,우리금융,2014/06,12050
29,30200,KT,2014/06,30550
30,24110,기업은행,2014/06,13500
31,161390,한국타이어,2014/06,60400
32,10130,고려아연,2014/06,397000
33,6400,삼성SDI,2014/06,162000
34,51900,LG생활건강,2014/06,455500
35,21240,코웨이,2014/06,84700
36,2380,KCC,2014/06,617000
37,139480,이마트,2014/06,232000
38,10950,S-Oil,2014/06,56900
39,720,현대건설,2014/06,57600
40,11170,롯데케미칼,2014/06,184500
41,35250,강원랜드,2014/06,29700
42,10140,삼성중공업,2014/06,27050
43,2790,아모레G,2014/06,747000
44,88350,한화생명,2014/06,6460
45,1800,오리온,2014/06,927000
46,36460,한국가스공사,2014/06,55200
47,11210,현대위아,2014/06,196000
48,29780,삼성카드,2014/06,43150
49,18880,한라비스테온공조,2014/06,45800
50,42660,대우조선해양,2014/06,25700
51,97950,CJ제일제당,2014/06,344500
52,9150,삼성전기,2014/06,58300
53,78930,GS,2014/06,45100
54,47050,대우인터내셔널,2014/06,36600
55,10060,OCI,2014/06,172000
56,1040,CJ,2014/06,140000
57,36570,엔씨소프트,2014/06,182500
58,32640,LG유플러스,2014/06,9220
59,34020,두산중공업,2014/06,35050
60,5830,동부화재,2014/06,52000
61,47040,대우건설,2014/06,8770
62,8770,호텔신라,2014/06,91400
63,11070,LG이노텍,2014/06,145000
64,16360,삼성증권,2014/06,44300
65,69960,현대백화점,2014/06,139000
66,28050,삼성엔지니어링,2014/06,80100
67,47810,한국항공우주,2014/06,31200
68,12750,에스원,2014/06,81400
69,51600,한전KPS,2014/06,69200
70,210,대림산업,2014/06,84300
71,10620,현대미포조선,2014/06,146500
72,9830,한화케미칼,2014/06,18350
73,138930,BS금융지주,2014/06,14900
74,12450,삼성테크윈,2014/06,53000
75,6800,대우증권,2014/06,8720
76,4990,롯데제과,2014/06,1932000
77,120,CJ대한통운,2014/06,120500
78,30000,제일기획,2014/06,22800
79,42670,두산인프라코어,2014/06,12950
80,11780,금호석유,2014/06,88700
81,1740,SK네트웍스,2014/06,10750
82,150,두산,2014/06,125000
83,12630,현대산업,2014/06,32150
84,6260,LS,2014/06,74300
85,4800,효성,2014/06,67600
86,60980,만도,2014/06,127000
87,670,영풍,2014/06,1207000
88,71050,한국금융지주,2014/06,40200
89,5300,롯데칠성,2014/06,1758000
90,4170,신세계,2014/06,218500
91,240,한국타이어월드와이드,2014/06,22450
92,100,유한양행,2014/06,181000
93,52690,한전기술,2014/06,49600
94,880,한화,2014/06,25850
95,10120,LS산전,2014/06,65900
96,7070,GS리테일,2014/06,24750
97,3490,대한항공,2014/06,33400
98,37620,미래에셋증권,2014/06,44850
99,73240,금호타이어,2014/06,11700
100,108670,LG하우시스,2014/06,193500
101,7310,오뚜기,2014/06,517000
102,4370,농심,2014/06,285500
103,5940,우리투자증권,2014/06,8730
104,120110,코오롱인더,2014/06,71200
105,80,하이트진로,2014/06,21950
106,1680,대상,2014/06,45950
107,11200,현대상선,2014/06,9160
108,10520,현대하이스코,2014/06,67500
109,2350,넥센타이어,2014/06,15450
110,6280,녹십자,2014/06,124000
111,3240,태광산업,2014/06,1263000
112,6120,SK케미칼,2014/06,64500
113,11790,SKC,2014/06,34350
114,3620,쌍용차,2014/06,8750
115,105630,한세실업,2014/06,27350
116,1430,세아베스틸,2014/06,32400
117,1120,LG상사,2014/06,28750
118,128940,한미약품,2014/06,101000
119,2270,롯데푸드,2014/06,757000
120,4000,삼성정밀화학,2014/06,41150
121,3450,현대증권,2014/06,5910
122,3300,한일시멘트,2014/06,138000
123,33920,무학,2014/06,33150
124,161890,한국콜마,2014/06,48050
125,69260,휴켐스,2014/06,23700
126,3410,쌍용양회,2014/06,11250
127,5180,빙그레,2014/06,86500
128,5610,삼립식품,2014/06,93200
129,7860,한일이화,2014/06,21150
130,93050,LF,2014/06,27650
131,170900,동아에스티,2014/06,107500
132,3030,세아제강,2014/06,114500
133,5850,에스엘,2014/06,22500
134,10780,아이에스동서,2014/06,28850
135,20000,한섬,2014/06,27650
136,115390,락앤락,2014/06,13350
137,49770,동원F&B,2014/06,198000
138,69620,대웅제약,2014/06,58800
139,103140,풍산,2014/06,27050
140,29530,신도리코,2014/06,66200
141,2240,고려제강,2014/06,39800
142,2960,한국쉘석유,2014/06,445000
143,3920,남양유업,2014/06,810000
144,4490,세방전지,2014/06,47400
145,97230,한진중공업,2014/06,8570
146,9290,광동제약,2014/06,11100
147,17800,현대엘리베이,2014/06,30000
148,68870,LG생명과학,2014/06,35000
149,82740,두산엔진,2014/06,8350
150,8000,도레이케미칼,2014/06,13500
151,70,삼양홀딩스,2014/06,68300
152,480,조선내화,2014/06,115000
153,640,동아쏘시오홀딩스,2014/06,128000
154,3000,부광약품,2014/06,16300
155,4150,한솔제지,2014/06,11750
156,84870,베이직하우스,2014/06,23400
157,8490,서흥,2014/06,45800
158,19680,대교,2014/06,6520
159,25860,남해화학,2014/06,10150
160,34120,SBS,2014/06,28250
161,64960,S&T모티브,2014/06,32050
162,7340,동아타이어,2014/06,20400
163,430,대원강업,2014/06,6390
164,1230,동국제강,2014/06,7000
165,4710,한솔테크닉스,2014/06,23250
166,6650,대한유화,2014/06,70100
167,7570,일양약품,2014/06,24750
168,79980,휴비스,2014/06,11400
169,9680,모토닉,2014/06,13350
170,10690,화신,2014/06,12400
171,14830,유니드,2014/06,67600
172,20150,일진머티리얼즈,2014/06,10900
173,25540,한국단자,2014/06,43000
174,8060,대덕전자,2014/06,8090
175,140,하이트진로홀딩스,2014/06,11250
176,1440,대한전선,2014/06,1950
177,2020,코오롱,2014/06,22550
178,3520,영진약품,2014/06,1695
179,3570,S&T중공업,2014/06,10900
180,5740,크라운제과,2014/06,234000
181,93370,후성,2014/06,3435
182,13570,동양기전,2014/06,10000
183,16800,퍼시스,2014/06,30550
184,33240,자화전자,2014/06,14550
185,33530,세종공업,2014/06,17000
186,51310,포스코플랜텍,2014/06,3560
187,78520,에이블씨엔씨,2014/06,24350
188,7690,국도화학,2014/06,60800
189,990,동부하이텍,2014/06,3915
190,4130,대덕GDS,2014/06,12350
191,4430,송원산업,2014/06,8580
192,5090,삼광글라스,2014/06,47150
193,104700,한국철강,2014/06,27550
194,6380,카프로,2014/06,5210
195,7810,코리아써키트,2014/06,8550
196,9580,무림P&P,2014/06,3930
197,20760,일진디스플,2014/06,8430
198,5950,이수화학,2014/06,12500
199,700,한진해운홀딩스,2014/06,9880
0,5930,삼성전자,2015/06,1268000
1,660,SK하이닉스,2015/06,42300
2,5380,현대차,2015/06,136000
3,15760,한국전력,2015/06,45800
4,90430,아모레퍼시픽,2015/06,418000
5,28260,제일모직,2015/06,177500
6,32830,삼성생명,2015/06,107500
7,35420,NAVER,2015/06,634000
8,12330,현대모비스,2015/06,212000
9,17670,SK텔레콤,2015/06,250000
10,18260,삼성에스디에스,2015/06,259500
11,55550,신한지주,2015/06,41550
12,5490,POSCO,2015/06,224000
13,51910,LG화학,2015/06,278500
14,270,기아차,2015/06,45300
15,2790,아모레G,2015/06,187000
16,105560,KB금융,2015/06,36900
17,810,삼성화재,2015/06,294000
18,33780,KT&G,2015/06,94900
19,34730,SK C&C,2015/06,276500
20,51900,LG생활건강,2015/06,774000
21,96770,SK이노베이션,2015/06,122000
22,3550,LG,2015/06,61800
23,830,삼성물산,2015/06,66200
24,10130,고려아연,2015/06,545000
25,11170,롯데케미칼,2015/06,289000
26,3600,SK,2015/06,198000
27,34220,LG디스플레이,2015/06,25850
28,1040,CJ,2015/06,296000
29,86790,하나금융지주,2015/06,29050
30,9540,현대중공업,2015/06,111000
31,24110,기업은행,2015/06,14450
32,4020,현대제철,2015/06,67700
33,35250,강원랜드,2015/06,37000
34,47810,한국항공우주,2015/06,79500
35,66570,LG전자,2015/06,47200
36,10950,S-Oil,2015/06,67600
37,6400,삼성SDI,2015/06,111000
38,86280,현대글로비스,2015/06,202000
39,30200,KT,2015/06,28450
40,23530,롯데쇼핑,2015/06,234500
41,21240,코웨이,2015/06,91400
42,88350,한화생명,2015/06,7930
43,9240,한샘,2015/06,281000
44,30,우리은행,2015/06,9800
45,139480,이마트,2015/06,231000
46,1800,오리온,2015/06,1048000
47,97950,CJ제일제당,2015/06,441000
48,51600,한전KPS,2015/06,118000
49,161390,한국타이어,2015/06,42000
50,2380,KCC,2015/06,491000
51,4800,효성,2015/06,144000
52,6800,대우증권,2015/06,15250
53,12630,현대산업,2015/06,66200
54,128940,한미약품,2015/06,467000
55,78930,GS,2015/06,49750
56,720,현대건설,2015/06,41050
57,8770,호텔신라,2015/06,111500
58,120,CJ대한통운,2015/06,194000
59,36570,엔씨소프트,2015/06,198500
60,29780,삼성카드,2015/06,37000
61,32640,LG유플러스,2015/06,9860
62,16360,삼성증권,2015/06,54600
63,18880,한라비스테온공조,2015/06,38550
64,36460,한국가스공사,2015/06,43200
65,5830,동부화재,2015/06,56500
66,10140,삼성중공업,2015/06,17050
67,9150,삼성전기,2015/06,51100
68,138930,BNK금융지주,2015/06,14200
69,71050,한국금융지주,2015/06,63700
70,880,한화,2015/06,47200
71,7070,GS리테일,2015/06,46700
72,69960,현대백화점,2015/06,147000
73,5940,NH투자증권,2015/06,12200
74,5300,롯데칠성,2015/06,2658000
75,6280,녹십자,2015/06,256500
76,12750,에스원,2015/06,78500
77,9830,한화케미칼,2015/06,18700
78,100,유한양행,2015/06,273000
79,3490,대한항공,2015/06,40500
80,47050,대우인터내셔널,2015/06,25800
81,210,대림산업,2015/06,82000
82,11210,현대위아,2015/06,103000
83,4990,롯데제과,2015/06,1944000
84,7310,오뚜기,2015/06,794000
85,670,영풍,2015/06,1454000
86,4170,신세계,2015/06,268000
87,34020,두산중공업,2015/06,24000
88,42660,대우조선해양,2015/06,13300
89,47040,대우건설,2015/06,6180
90,11070,LG이노텍,2015/06,100500
91,5610,삼립식품,2015/06,269000
92,150,두산,2015/06,109000
93,37620,미래에셋증권,2015/06,50500
94,1740,SK네트웍스,2015/06,8980
95,3450,현대증권,2015/06,9070
96,161890,한국콜마,2015/06,101500
97,11780,금호석유,2015/06,70800
98,10060,OCI,2015/06,90000
99,42670,두산인프라코어,2015/06,9800
100,70,삼양홀딩스,2015/06,233000
101,10780,아이에스동서,2015/06,72700
102,114090,GKL,2015/06,31100
103,30000,제일기획,2015/06,17300
104,14820,동원시스템즈,2015/06,82000
105,192820,코스맥스,2015/06,201500
106,4370,농심,2015/06,290500
107,64350,현대로템,2015/06,20250
108,33920,무학,2015/06,63100
109,120110,코오롱인더,2015/06,64600
110,80,하이트진로,2015/06,22650
111,240,한국타이어월드와이드,2015/06,16750
112,1120,LG상사,2015/06,38900
113,1430,세아베스틸,2015/06,43550
114,3240,태광산업,2015/06,1357000
115,6120,SK케미칼,2015/06,74400
116,105630,한세실업,2015/06,38150
117,17800,현대엘리베이,2015/06,75500
118,49770,동원F&B,2015/06,378000
119,52690,한전기술,2015/06,38350
120,69620,대웅제약,2015/06,127000
121,12450,삼성테크윈,2015/06,29300
122,6260,LS,2015/06,43450
123,7570,일양약품,2015/06,77100
124,11790,SKC,2015/06,36800
125,11200,현대상선,2015/06,6900
126,10120,LS산전,2015/06,45700
127,3300,한일시멘트,2015/06,170000
128,6650,대한유화,2015/06,193000
129,108670,LG하우시스,2015/06,149000
130,28050,삼성엔지니어링,2015/06,31600
131,10620,현대미포조선,2015/06,64800
132,1680,대상,2015/06,35550
133,2270,롯데푸드,2015/06,906000
134,2350,넥센타이어,2015/06,12500
135,3000,부광약품,2015/06,33700
136,170900,동아에스티,2015/06,148500
137,3620,쌍용차,2015/06,8700
138,68870,LG생명과학,2015/06,70300
139,73240,금호타이어,2015/06,7270
140,3410,쌍용양회,2015/06,15900
141,14680,한솔케미칼,2015/06,98700
142,640,동아쏘시오홀딩스,2015/06,203500
143,2240,고려제강,2015/06,56600
144,5740,크라운제과,2015/06,640000
145,79430,현대리바트,2015/06,54700
146,64960,S&T모티브,2015/06,66500
147,69260,휴켐스,2015/06,25000
148,25540,한국단자,2015/06,92400
149,230,일동제약,2015/06,33200
150,4000,삼성정밀화학,2015/06,34650
151,4700,조광피혁,2015/06,122000
152,5180,빙그레,2015/06,84500
153,185750,종근당,2015/06,90500
154,20000,한섬,2015/06,35700
155,93050,LF,2015/06,30300
156,115390,락앤락,2015/06,14750
157,9290,광동제약,2015/06,16450
158,103140,풍산,2015/06,26000
159,36580,팜스코,2015/06,19250
160,50,경방,2015/06,248000
161,2960,한국쉘석유,2015/06,487000
162,5850,에스엘,2015/06,17900
163,145990,삼양사,2015/06,113500
164,19680,대교,2015/06,7480
165,29530,신도리코,2015/06,64200
166,8490,서흥,2015/06,54500
167,1230,동국제강,2015/06,5260
168,3200,일신방직,2015/06,209500
169,3920,남양유업,2015/06,698000
170,4490,세방전지,2015/06,38250
171,97230,한진중공업,2015/06,4880
172,7340,동아타이어,2015/06,22850
173,25860,남해화학,2015/06,11800
174,34120,SBS,2015/06,32000
175,60980,한라홀딩스,2015/06,51900
176,5090,삼광글라스,2015/06,116000
177,480,조선내화,2015/06,111500
178,3030,세아제강,2015/06,69000
179,3570,S&T중공업,2015/06,12800
180,104700,한국철강,2015/06,50200
181,7690,국도화학,2015/06,69100
182,14830,유니드,2015/06,67700
183,82740,두산엔진,2015/06,5620
184,4710,한솔테크닉스,2015/06,22400
185,140,하이트진로홀딩스,2015/06,14300
186,3520,영진약품,2015/06,1680
187,8060,대덕전자,2015/06,7410
188,9580,무림P&P,2015/06,5220
189,9680,모토닉,2015/06,10700
190,93370,후성,2015/06,4340
191,42700,한미반도체,2015/06,13850
192,78520,에이블씨엔씨,2015/06,26850
193,79980,휴비스,2015/06,10850
194,84870,베이직하우스,2015/06,15350
195,20150,일진머티리얼즈,2015/06,7070
196,4150,한솔홀딩스,2015/06,8890
197,33530,세종공업,2015/06,10400
198,10690,화신,2015/06,5900
199,7860,서연,2015/06,11000
0,5930,삼성전자,2016/06,1425000
1,15760,한국전력,2016/06,60400
2,5380,현대차,2016/06,135500
3,90430,아모레퍼시픽,2016/06,431500
4,12330,현대모비스,2016/06,252000
5,660,SK하이닉스,2016/06,32400
6,28260,삼성물산,2016/06,123000
7,35420,NAVER,2016/06,710000
8,32830,삼성생명,2016/06,100500
9,33780,KT&G,2016/06,136500
10,55550,신한지주,2016/06,38000
11,5490,POSCO,2016/06,201500
12,270,기아차,2016/06,43200
13,51900,LG생활건강,2016/06,1117000
14,17670,SK텔레콤,2016/06,215500
15,51910,LG화학,2016/06,260000
16,34730,SK,2016/06,202500
17,2790,아모레G,2016/06,167500
18,96770,SK이노베이션,2016/06,140500
19,105560,KB금융,2016/06,32600
20,810,삼성화재,2016/06,263500
21,18260,삼성에스디에스,2016/06,143500
22,3550,LG,2016/06,63700
23,11170,롯데케미칼,2016/06,283000
24,10130,고려아연,2016/06,508000
25,34220,LG디스플레이,2016/06,26400
26,35250,강원랜드,2016/06,41700
27,8930,한미사이언스,2016/06,153000
28,66570,LG전자,2016/06,53900
29,10950,S-Oil,2016/06,75700
30,21240,코웨이,2016/06,104500
31,9540,현대중공업,2016/06,105500
32,30200,KT,2016/06,29650
33,6400,삼성SDI,2016/06,108000
34,128940,한미약품,2016/06,706000
35,47810,한국항공우주,2016/06,73200
36,86790,하나금융지주,2016/06,23250
37,30,우리은행,2016/06,9520
38,86280,현대글로비스,2016/06,171500
39,23530,롯데쇼핑,2016/06,202500
40,161390,한국타이어,2016/06,51000
41,24110,기업은행,2016/06,11150
42,4020,현대제철,2016/06,45850
43,1040,CJ,2016/06,202000
44,18880,한온시스템,2016/06,10500
45,1800,오리온,2016/06,942000
46,27410,BGF리테일,2016/06,213500
47,36570,엔씨소프트,2016/06,236000
48,97950,CJ제일제당,2016/06,388500
49,88350,한화생명,2016/06,5790
50,120,CJ대한통운,2016/06,217000
51,5830,동부화재,2016/06,69300
52,29780,삼성카드,2016/06,41500
53,139480,이마트,2016/06,173000
54,32640,LG유플러스,2016/06,10900
55,78930,GS,2016/06,47450
56,4800,효성,2016/06,124500
57,12750,에스원,2016/06,108000
58,7070,GS리테일,2016/06,54500
59,2380,KCC,2016/06,380500
60,9830,한화케미칼,2016/06,23750
61,720,현대건설,2016/06,33350
62,36460,한국가스공사,2016/06,39750
63,9240,한샘,2016/06,159000
64,9150,삼성전기,2016/06,50100
65,100,유한양행,2016/06,306000
66,69960,현대백화점,2016/06,129000
67,12630,현대산업,2016/06,39550
68,7310,오뚜기,2016/06,823000
69,51600,한전KPS,2016/06,64800
70,47050,포스코대우,2016/06,25000
71,4990,롯데제과,2016/06,195500
72,210,대림산업,2016/06,76000
73,880,한화,2016/06,35400
74,138930,BNK금융지주,2016/06,8070
75,16360,삼성증권,2016/06,35300
76,37620,미래에셋증권,2016/06,23050
77,8770,호텔신라,2016/06,67900
78,5940,NH투자증권,2016/06,9130
79,12450,한화테크윈,2016/06,48600
80,6800,미래에셋대우,2016/06,7790
81,11210,현대위아,2016/06,89100
82,71050,한국금융지주,2016/06,42100
83,47040,대우건설,2016/06,5610
84,4370,농심,2016/06,374000
85,34020,두산중공업,2016/06,21200
86,6280,녹십자,2016/06,188000
87,5300,롯데칠성,2016/06,1786000
88,3520,영진약품,2016/06,11700
89,161890,한국콜마,2016/06,100000
90,10140,삼성중공업,2016/06,9160
91,10060,OCI,2016/06,90300
92,150,두산,2016/06,93200
93,204320,만도,2016/06,217500
94,28050,삼성엔지니어링,2016/06,10250
95,240,한국타이어월드와이드,2016/06,22250
96,3490,대한항공,2016/06,25950
97,30000,제일기획,2016/06,16900
98,11070,LG이노텍,2016/06,78800
99,4170,신세계,2016/06,195000
100,670,영풍,2016/06,962000
101,5440,현대그린푸드,2016/06,18600
102,6120,SK케미칼,2016/06,72600
103,120110,코오롱인더,2016/06,72300
104,11780,금호석유,2016/06,59500
105,111770,영원무역,2016/06,41400
106,6260,LS,2016/06,56100
107,10780,아이에스동서,2016/06,60400
108,80,하이트진로,2016/06,23850
109,5610,삼립식품,2016/06,187500
110,114090,GKL,2016/06,26550
111,14820,동원시스템즈,2016/06,65900
112,6650,대한유화,2016/06,239500
113,1120,LG상사,2016/06,37650
114,1740,SK네트웍스,2016/06,5940
115,2620,제일약품,2016/06,100000
116,3450,현대증권,2016/06,6260
117,192820,코스맥스,2016/06,170500
118,57050,현대홈쇼핑,2016/06,127000
119,64350,현대로템,2016/06,17850
120,73240,금호타이어,2016/06,9550
121,105630,한세실업,2016/06,37700
122,17800,현대엘리베이,2016/06,62000
123,3410,쌍용양회,2016/06,18700
124,10120,LS산전,2016/06,47550
125,192400,쿠쿠전자,2016/06,145500
126,42670,두산인프라코어,2016/06,6810
127,10620,현대미포조선,2016/06,69100
128,70,삼양홀딩스,2016/06,146500
129,3000,부광약품,2016/06,34250
130,2350,넥센타이어,2016/06,13200
131,1060,JW중외제약,2016/06,62300
132,2270,롯데푸드,2016/06,852000
133,42660,대우조선해양,2016/06,4230
134,170900,동아에스티,2016/06,135500
135,69620,대웅제약,2016/06,104500
136,108670,LG하우시스,2016/06,127500
137,68870,LG생명과학,2016/06,72000
138,7570,일양약품,2016/06,57700
139,9420,한올바이오파마,2016/06,21000
140,185750,종근당,2016/06,110500
141,49770,동원F&B,2016/06,283500
142,52690,한전기술,2016/06,26600
143,11790,SKC,2016/06,27050
144,1680,대상,2016/06,27450
145,3240,태광산업,2016/06,868000
146,3620,쌍용차,2016/06,7000
147,145990,삼양사,2016/06,94000
148,25540,한국단자,2016/06,90000
149,64960,S&T모티브,2016/06,65200
150,20000,한섬,2016/06,39300
151,640,동아쏘시오홀딩스,2016/06,175500
152,990,동부하이텍,2016/06,18450
153,1430,세아베스틸,2016/06,24850
154,103140,풍산,2016/06,29150
155,14680,한솔케미칼,2016/06,75900
156,69260,휴켐스,2016/06,21200
157,4000,롯데정밀화학,2016/06,31200
158,230,일동제약,2016/06,28800
159,1230,동국제강,2016/06,8090
160,1520,동양,2016/06,3235
161,115390,락앤락,2016/06,14450
162,20150,일진머티리얼즈,2016/06,18450
163,33920,무학,2016/06,24250
164,19680,대교,2016/06,8810
165,2240,고려제강,2016/06,37100
166,3300,한일시멘트,2016/06,82000
167,5180,빙그레,2016/06,67700
168,93050,LF,2016/06,21150
169,7340,동아타이어,2016/06,26800
170,60980,한라홀딩스,2016/06,61000
171,5740,크라운제과,2016/06,40000
172,2960,한국쉘석유,2016/06,444500
173,3850,보령제약,2016/06,67100
174,3920,남양유업,2016/06,688000
175,4490,세방전지,2016/06,37900
176,93370,후성,2016/06,6260
177,8490,서흥,2016/06,45300
178,9290,광동제약,2016/06,9920
179,29530,신도리코,2016/06,50200
180,78520,에이블씨엔씨,2016/06,35100
181,5850,에스엘,2016/06,14400
182,50,경방,2016/06,173000
183,3030,세아제강,2016/06,68000
184,4710,한솔테크닉스,2016/06,18700
185,5090,삼광글라스,2016/06,83300
186,7210,벽산,2016/06,6500
187,97230,한진중공업,2016/06,3980
188,25860,남해화학,2016/06,8720
189,34120,SBS,2016/06,25750
190,36580,팜스코,2016/06,12800
191,79430,현대리바트,2016/06,25850
192,14830,유니드,2016/06,44300
193,140,하이트진로홀딩스,2016/06,13400
194,3200,일신방직,2016/06,124500
195,3570,S&T중공업,2016/06,9670
196,104700,한국철강,2016/06,37000
197,7690,국도화학,2016/06,59400
198,8060,대덕전자,2016/06,7210
199,4700,조광피혁,2016/06,45700
0,5930,삼성전자,2017/06,2377000
1,660,SK하이닉스,2017/06,67400
2,5380,현대차,2017/06,159500
3,28260,삼성물산,2017/06,148000
4,35420,NAVER,2017/06,838000
5,15760,한국전력,2017/06,40800
6,5490,POSCO,2017/06,287000
7,12330,현대모비스,2017/06,250000
8,105560,KB금융,2017/06,57700
9,55550,신한지주,2017/06,49300
10,32830,삼성생명,2017/06,117000
11,17670,SK텔레콤,2017/06,266000
12,51910,LG화학,2017/06,291000
13,34730,SK,2017/06,278000
14,207940,삼성바이오로직스,2017/06,292000
15,90430,아모레퍼시픽,2017/06,304000
16,33780,KT&G,2017/06,117000
17,51900,LG생활건강,2017/06,994000
18,270,기아차,2017/06,38200
19,96770,SK이노베이션,2017/06,158500
20,18260,삼성에스디에스,2017/06,184500
21,810,삼성화재,2017/06,281500
22,3550,LG,2017/06,77300
23,86790,하나금융지주,2017/06,45250
24,34220,LG디스플레이,2017/06,37100
25,66570,LG전자,2017/06,80200
26,251270,넷마블게임즈,2017/06,155000
27,30,우리은행,2017/06,18450
28,11170,롯데케미칼,2017/06,344000
29,6400,삼성SDI,2017/06,171500
30,2790,아모레G,2017/06,130000
31,10950,S-Oil,2017/06,94800
32,9540,현대중공업,2017/06,176500
33,23530,롯데쇼핑,2017/06,303500
34,10130,고려아연,2017/06,456000
35,30200,KT,2017/06,32600
36,36570,엔씨소프트,2017/06,379500
37,4020,현대제철,2017/06,62200
38,24110,기업은행,2017/06,14250
39,161390,한국타이어,2017/06,63600
40,21240,코웨이,2017/06,104000
41,9150,삼성전기,2017/06,102000
42,35250,강원랜드,2017/06,34850
43,6800,미래에셋대우,2017/06,11050
44,32640,LG유플러스,2017/06,15600
45,139480,이마트,2017/06,234500
46,78930,GS,2017/06,68200
47,88350,한화생명,2017/06,6960
48,4800,효성,2017/06,167500
49,86280,현대글로비스,2017/06,157000
50,18880,한온시스템,2017/06,10300
51,47810,한국항공우주,2017/06,57000
52,1040,CJ,2017/06,189500
53,8930,한미사이언스,2017/06,84400
54,720,현대건설,2017/06,46050
55,9830,한화케미칼,2017/06,30200
56,27410,BGF리테일,2017/06,101000
57,36460,한국가스공사,2017/06,53200
58,1800,오리온,2017/06,798000
59,10140,삼성중공업,2017/06,12450
60,5830,동부화재,2017/06,68000
61,97950,CJ제일제당,2017/06,361500
62,267250,현대로보틱스,2017/06,386500
63,29780,삼성카드,2017/06,39050
64,2380,KCC,2017/06,436500
65,9240,한샘,2017/06,184000
66,128940,한미약품,2017/06,373000
67,120,CJ대한통운,2017/06,180500
68,5940,NH투자증권,2017/06,14850
69,7070,GS리테일,2017/06,51600
70,11070,LG이노텍,2017/06,165000
71,71050,한국금융지주,2017/06,70100
72,16360,삼성증권,2017/06,41300
73,12750,에스원,2017/06,97000
74,138930,BNK금융지주,2017/06,10950
75,880,한화,2017/06,47400
76,3490,대한항공,2017/06,38700
77,12630,현대산업,2017/06,46950
78,1450,현대해상,2017/06,39350
79,47040,대우건설,2017/06,7580
80,210,대림산업,2017/06,89000
81,26960,동서,2017/06,30600
82,8560,메리츠종금증권,2017/06,5060
83,47050,포스코대우,2017/06,22300
84,4990,롯데제과,2017/06,198000
85,28670,팬오션,2017/06,5280
86,100,유한양행,2017/06,246000
87,7310,오뚜기,2017/06,790000
88,69960,현대백화점,2017/06,110500
89,6260,LS,2017/06,72900
90,204320,만도,2017/06,257500
91,150,두산,2017/06,119000
92,4170,신세계,2017/06,229500
93,8770,호텔신라,2017/06,57100
94,11780,금호석유,2017/06,73500
95,12450,한화테크윈,2017/06,44500
96,28050,삼성엔지니어링,2017/06,11900
97,34020,두산중공업,2017/06,20950
98,670,영풍,2017/06,1168000
99,3520,영진약품,2017/06,11350
100,5300,롯데칠성,2017/06,1714000
101,30000,제일기획,2017/06,18400
102,10060,OCI,2017/06,89700
103,10620,현대미포조선,2017/06,109000
104,6360,GS건설,2017/06,30450
105,240,한국타이어월드와이드,2017/06,21800
106,51600,한전KPS,2017/06,44150
107,6280,녹십자,2017/06,174500
108,4370,농심,2017/06,337500
109,11210,현대위아,2017/06,69800
110,5440,현대그린푸드,2017/06,17700
111,6120,SK케미칼,2017/06,73600
112,120110,코오롱인더,2017/06,68900
113,42670,두산인프라코어,2017/06,8450
114,64350,현대로템,2017/06,20650
115,10120,LS산전,2017/06,55800
116,80,하이트진로,2017/06,23300
117,1740,SK네트웍스,2017/06,6250
118,5610,SPC삼립,2017/06,181500
119,79550,LIG넥스원,2017/06,74000
120,57050,현대홈쇼핑,2017/06,131000
121,79160,CJ CGV,2017/06,73600
122,6650,대한유화,2017/06,253000
123,3410,쌍용양회,2017/06,14650
124,5250,녹십자홀딩스,2017/06,31800
125,192400,쿠쿠전자,2017/06,145000
126,111770,영원무역,2017/06,34100
127,161890,한국콜마,2017/06,72200
128,17800,현대엘리베이,2017/06,61300
129,1230,동국제강,2017/06,14650
130,2350,넥센타이어,2017/06,13350
131,214320,이노션,2017/06,63800
132,14820,동원시스템즈,2017/06,54900
133,114090,GKL,2017/06,22400
134,10780,아이에스동서,2017/06,44000
135,1120,LG상사,2017/06,31050
136,3240,태광산업,2017/06,1077000
137,11790,SKC,2017/06,33550
138,192820,코스맥스,2017/06,115000
139,73240,금호타이어,2017/06,7510
140,103140,풍산,2017/06,43000
141,185750,종근당,2017/06,122000
142,20150,일진머티리얼즈,2017/06,31950
143,70,삼양홀딩스,2017/06,122500
144,1430,세아베스틸,2017/06,30550
145,2620,제일약품,2017/06,68600
146,145990,삼양사,2017/06,103000
147,69260,휴켐스,2017/06,26750
148,105630,한세실업,2017/06,26800
149,4000,롯데정밀화학,2017/06,39350
150,990,동부하이텍,2017/06,22500
151,1060,JW중외제약,2017/06,47100
152,1680,대상,2017/06,26450
153,2270,롯데푸드,2017/06,636000
154,3000,부광약품,2017/06,21350
155,108670,LG하우시스,2017/06,109500
156,6840,AK홀딩스,2017/06,74200
157,49770,동원F&B,2017/06,243500
158,69620,대웅제약,2017/06,85900
159,93050,LF,2017/06,30000
160,93370,후성,2017/06,10550
161,3620,쌍용차,2017/06,6840
162,640,동아쏘시오홀딩스,2017/06,135500
163,3300,한일시멘트,2017/06,115000
164,7570,일양약품,2017/06,40750
165,14680,한솔케미칼,2017/06,71000
166,170900,동아에스티,2017/06,92200
167,25540,한국단자,2017/06,71400
168,52690,한전기술,2017/06,19650
169,64960,S&T모티브,2017/06,50500
170,115390,락앤락,2017/06,14800
171,20000,한섬,2017/06,32700
172,2240,고려제강,2017/06,38500
173,5180,빙그레,2017/06,68200
174,5850,에스엘,2017/06,21600
175,60980,한라홀딩스,2017/06,64200
176,9420,한올바이오파마,2017/06,13050
177,19680,대교,2017/06,8160
178,33920,무학,2017/06,23750
179,7340,동아타이어,2017/06,27200
180,1520,동양,2017/06,2275
181,2960,한국쉘석유,2017/06,402000
182,3030,세아제강,2017/06,97200
183,3920,남양유업,2017/06,765000
184,4490,세방전지,2017/06,39750
185,97230,한진중공업,2017/06,4500
186,25860,남해화학,2017/06,10800
187,29530,신도리코,2017/06,56400
188,34120,SBS,2017/06,27050
189,36580,팜스코,2017/06,13300
190,96760,JW홀딩스,2017/06,9660
191,8060,대덕전자,2017/06,11050
192,50,경방,2017/06,15600
193,3850,보령제약,2017/06,50200
194,4710,한솔테크닉스,2017/06,17000
195,79430,현대리바트,2017/06,23800
196,14830,유니드,2017/06,48250
197,78520,에이블씨엔씨,2017/06,25800
198,9290,광동제약,2017/06,8750
199,1780,알루코,2017/06,4440
0,5930,삼성전자,2018/06,46650
1,660,SK하이닉스,2018/06,85700
2,68270,셀트리온,2018/06,303500
3,5490,POSCO,2018/06,329000
4,5380,현대차,2018/06,125500
5,207940,삼성바이오로직스,2018/06,417000
6,35420,NAVER,2018/06,763000
7,51910,LG화학,2018/06,333500
8,105560,KB금융,2018/06,52800
9,28260,삼성물산,2018/06,116500
10,51900,LG생활건강,2018/06,1396000
11,12330,현대모비스,2018/06,212000
12,15760,한국전력,2018/06,32000
13,55550,신한지주,2018/06,43300
14,32830,삼성생명,2018/06,98400
15,17670,SK텔레콤,2018/06,233000
16,90430,아모레퍼시픽,2018/06,322500
17,96770,SK이노베이션,2018/06,202000
18,34730,SK,2018/06,259000
19,18260,삼성에스디에스,2018/06,200500
20,33780,KT&G,2018/06,107000
21,6400,삼성SDI,2018/06,214000
22,66570,LG전자,2018/06,83000
23,86790,하나금융지주,2018/06,42850
24,251270,넷마블,2018/06,152500
25,270,기아차,2018/06,30850
26,810,삼성화재,2018/06,264000
27,10950,S-Oil,2018/06,109500
28,3550,LG,2018/06,72100
29,11170,롯데케미칼,2018/06,348000
30,30,우리은행,2018/06,16300
31,9150,삼성전기,2018/06,148500
32,2790,아모레G,2018/06,123500
33,35720,카카오,2018/06,114500
34,24110,기업은행,2018/06,15400
35,36570,엔씨소프트,2018/06,371000
36,10130,고려아연,2018/06,386000
37,30200,KT,2018/06,27400
38,139480,이마트,2018/06,254500
39,9540,현대중공업,2018/06,102000
40,4020,현대제철,2018/06,52600
41,34220,LG디스플레이,2018/06,18300
42,4990,롯데지주,2018/06,57300
43,720,현대건설,2018/06,57500
44,21240,코웨이,2018/06,86600
45,32640,LG유플러스,2018/06,14000
46,36460,한국가스공사,2018/06,64200
47,271560,오리온,2018/06,149000
48,23530,롯데쇼핑,2018/06,210000
49,267250,현대중공업지주,2018/06,353500
50,6800,미래에셋대우,2018/06,8520
51,35250,강원랜드,2018/06,26150
52,18880,한온시스템,2018/06,10600
53,161390,한국타이어,2018/06,42100
54,97950,CJ제일제당,2018/06,352500
55,78930,GS,2018/06,54400
56,128940,한미약품,2018/06,421000
57,8770,호텔신라,2018/06,123500
58,71050,한국금융지주,2018/06,84100
59,4800,효성,2018/06,134000
60,88350,한화생명,2018/06,5300
61,29780,삼성카드,2018/06,38300
62,10140,삼성중공업,2018/06,7140
63,86280,현대글로비스,2018/06,115500
64,5830,DB손해보험,2018/06,59000
65,5940,NH투자증권,2018/06,14950
66,1040,CJ,2018/06,142000
67,47810,한국항공우주,2018/06,41200
68,8930,한미사이언스,2018/06,64600
69,4170,신세계,2018/06,401500
70,120,CJ대한통운,2018/06,168000
71,12750,에스원,2018/06,96800
72,2380,KCC,2018/06,328000
73,9830,한화케미칼,2018/06,21850
74,11780,금호석유,2018/06,116500
75,7070,GS리테일,2018/06,43950
76,282330,BGF리테일,2018/06,195000
77,11070,LG이노텍,2018/06,144500
78,6360,GS건설,2018/06,46000
79,241560,두산밥캣,2018/06,32000
80,28050,삼성엔지니어링,2018/06,15650
81,16360,삼성증권,2018/06,34750
82,138930,BNK금융지주,2018/06,9350
83,1450,현대해상,2018/06,33700
84,7310,오뚜기,2018/06,859000
85,3410,쌍용양회,2018/06,28400
86,42660,대우조선해양,2018/06,27000
87,69960,현대백화점,2018/06,115500
88,210,대림산업,2018/06,76500
89,100,유한양행,2018/06,217500
90,3490,대한항공,2018/06,28250
91,47050,포스코대우,2018/06,21400
92,26960,동서,2018/06,26150
93,28670,팬오션,2018/06,4885
94,880,한화,2018/06,31550
95,6260,LS,2018/06,75000
96,6280,녹십자,2018/06,206500
97,9240,한샘,2018/06,105000
98,10060,OCI,2018/06,103000
99,17800,현대엘리베이,2018/06,89600
100,30000,제일기획,2018/06,20650
101,47040,대우건설,2018/06,5870
102,64350,현대로템,2018/06,28050
103,294870,HDC현대산업개발,2018/06,53900
104,69620,대웅제약,2018/06,196000
105,10120,LS산전,2018/06,70500
106,8560,메리츠종금증권,2018/06,3550
107,150,두산,2018/06,104000
108,42670,두산인프라코어,2018/06,9640
109,4370,농심,2018/06,325000
110,20150,일진머티리얼즈,2018/06,42350
111,71840,롯데하이마트,2018/06,78800
112,34020,두산중공업,2018/06,15650
113,1800,오리온홀딩스,2018/06,27500
114,10620,현대미포조선,2018/06,85800
115,204320,만도,2018/06,38400
116,161890,한국콜마,2018/06,84500
117,120110,코오롱인더,2018/06,67600
118,240,한국타이어월드와이드,2018/06,17500
119,4000,롯데정밀화학,2018/06,65000
120,5250,녹십자홀딩스,2018/06,33250
121,192820,코스맥스,2018/06,162500
122,11790,SKC,2018/06,43150
123,51600,한전KPS,2018/06,35650
124,114090,GKL,2018/06,26050
125,6650,대한유화,2018/06,250500
126,670,영풍,2018/06,802000
127,111770,영원무역,2018/06,33500
128,79160,CJ CGV,2018/06,67200
129,3240,태광산업,2018/06,1389000
130,80,하이트진로,2018/06,19650
131,3520,영진약품,2018/06,7430
132,57050,현대홈쇼핑,2018/06,112500
133,9420,한올바이오파마,2018/06,24950
134,5440,현대그린푸드,2018/06,14250
135,3000,부광약품,2018/06,23550
136,5300,롯데칠성,2018/06,1537000
137,12450,한화에어로스페이스,2018/06,23450
138,214320,이노션,2018/06,59400
139,115390,락앤락,2018/06,22200
140,192400,쿠쿠홀딩스,2018/06,177500
141,69260,휴켐스,2018/06,29250
142,70,삼양홀딩스,2018/06,119000
143,1740,SK네트웍스,2018/06,4500
144,3300,한일시멘트,2018/06,143500
145,5610,SPC삼립,2018/06,131500
146,285130,SK케미칼,2018/06,92900
147,20000,한섬,2018/06,41650
148,27410,BGF,2018/06,10800
149,49770,동원F&B,2018/06,295500
150,52690,한전기술,2018/06,26500
151,11210,현대위아,2018/06,40750
152,1120,LG상사,2018/06,24150
153,1680,대상,2018/06,26550
154,2270,롯데푸드,2018/06,852000
155,2350,넥센타이어,2018/06,10250
156,6840,AK홀딩스,2018/06,75400
157,185750,종근당,2018/06,100500
158,14680,한솔케미칼,2018/06,78300
159,73240,금호타이어,2018/06,6310
160,79550,LIG넥스원,2018/06,40050
161,93370,후성,2018/06,10300
162,103140,풍산,2018/06,34050
163,12630,HDC,2018/06,28600
164,990,DB하이텍,2018/06,19600
165,1230,동국제강,2018/06,8440
166,1430,세아베스틸,2018/06,21450
167,145990,삼양사,2018/06,82000
168,14820,동원시스템즈,2018/06,33750
169,25860,남해화학,2018/06,15400
170,93050,LF,2018/06,28100
171,10780,아이에스동서,2018/06,27750
172,640,동아쏘시오홀딩스,2018/06,102500
173,1060,JW중외제약,2018/06,34650
174,3620,쌍용차,2018/06,4570
175,5850,에스엘,2018/06,18150
176,170900,동아에스티,2018/06,87600
177,7570,일양약품,2018/06,32300
178,19680,대교,2018/06,7750
179,105630,한세실업,2018/06,16350
180,108670,LG하우시스,2018/06,69400
181,6120,SK디스커버리,2018/06,36850
182,2240,고려제강,2018/06,29150
183,5180,빙그레,2018/06,60100
184,96760,JW홀딩스,2018/06,7910
185,64960,S&T모티브,2018/06,33000
186,60980,한라홀딩스,2018/06,44050
187,1520,동양,2018/06,1955
188,2960,한국쉘석유,2018/06,353500
189,3030,세아제강,2018/06,76100
190,3850,보령제약,2018/06,9230
191,3920,남양유업,2018/06,644000
192,4490,세방전지,2018/06,31650
193,79430,현대리바트,2018/06,22800
194,14830,유니드,2018/06,52000
195,25540,한국단자,2018/06,43900
196,33920,무학,2018/06,15150
197,34120,SBS,2018/06,20850
198,36580,팜스코,2018/06,12600
199,8060,대덕전자,2018/06,8350
200,97230,한진중공업,2018/06,2980
0,5930,삼성전자,2019/06,47000
1,660,SK하이닉스,2019/06,69500
2,5380,현대차,2019/06,140000
3,68270,셀트리온,2019/06,205500
4,51910,LG화학,2019/06,354500
5,12330,현대모비스,2019/06,235500
6,55550,신한지주,2019/06,44900
7,5490,POSCO,2019/06,244500
8,207940,삼성바이오로직스,2019/06,320000
9,17670,SK텔레콤,2019/06,259000
10,51900,LG생활건강,2019/06,1313000
11,105560,KB금융,2019/06,45850
12,35420,NAVER,2019/06,114000
13,28260,삼성물산,2019/06,95700
14,270,기아차,2019/06,44000
15,32830,삼성생명,2019/06,83600
16,18260,삼성에스디에스,2019/06,215000
17,15760,한국전력,2019/06,25550
18,34730,SK,2019/06,232000
19,6400,삼성SDI,2019/06,236500
20,96770,SK이노베이션,2019/06,159000
21,33780,KT&G,2019/06,98500
22,3550,LG,2019/06,76900
23,66570,LG전자,2019/06,79300
24,810,삼성화재,2019/06,268000
25,86790,하나금융지주,2019/06,37400
26,35720,카카오,2019/06,131500
27,36570,엔씨소프트,2019/06,477000
28,90430,아모레퍼시픽,2019/06,164500
29,251270,넷마블,2019/06,113000
30,316140,우리금융지주,2019/06,14050
31,10950,S-Oil,2019/06,83700
32,10130,고려아연,2019/06,476000
33,11170,롯데케미칼,2019/06,252500
34,9540,한국조선해양,2019/06,118500
35,24110,기업은행,2019/06,14050
36,30200,KT,2019/06,28350
37,9150,삼성전기,2019/06,97800
38,35250,강원랜드,2019/06,30250
39,34220,LG디스플레이,2019/06,17850
40,32640,LG유플러스,2019/06,14500
41,18880,한온시스템,2019/06,11650
42,86280,현대글로비스,2019/06,161000
43,720,현대건설,2019/06,53600
44,21240,웅진코웨이,2019/06,77400
45,4020,현대제철,2019/06,41800
46,6800,미래에셋대우,2019/06,8180
47,267250,현대중공업지주,2019/06,324000
48,10140,삼성중공업,2019/06,8160
49,2790,아모레G,2019/06,62300
50,78930,GS,2019/06,51200
51,4990,롯데지주,2019/06,44000
52,128940,한미약품,2019/06,404000
53,81660,휠라코리아,2019/06,76700
54,23530,롯데쇼핑,2019/06,160500
55,97950,CJ제일제당,2019/06,297000
56,71050,한국금융지주,2019/06,80700
57,8930,한미사이언스,2019/06,68200
58,161390,한국타이어앤테크놀로지,2019/06,35100
59,29780,삼성카드,2019/06,38200
60,5830,DB손해보험,2019/06,59300
61,5940,NH투자증권,2019/06,14500
62,210,대림산업,2019/06,115000
63,139480,이마트,2019/06,140000
64,36460,한국가스공사,2019/06,42200
65,8770,호텔신라,2019/06,97000
66,9830,한화케미칼,2019/06,22700
67,12750,에스원,2019/06,97600
68,282330,BGF리테일,2019/06,211000
69,271560,오리온,2019/06,92500
70,241560,두산밥캣,2019/06,36400
71,16360,삼성증권,2019/06,39100
72,47810,한국항공우주,2019/06,35950
73,42660,대우조선해양,2019/06,32700
74,30000,제일기획,2019/06,29400
75,28050,삼성엔지니어링,2019/06,17150
76,8560,메리츠종금증권,2019/06,5360
77,100,유한양행,2019/06,244500
78,6360,GS건설,2019/06,40350
79,3410,쌍용양회,2019/06,6300
80,7070,GS리테일,2019/06,39300
81,120,CJ대한통운,2019/06,134500
82,1040,CJ,2019/06,101000
83,11780,금호석유,2019/06,97400
84,4170,신세계,2019/06,301000
85,2380,KCC,2019/06,275500
86,88350,한화생명,2019/06,3275
87,3490,대한항공,2019/06,28950
88,11070,LG이노텍,2019/06,109000
89,1450,현대해상,2019/06,28450
90,7310,오뚜기,2019/06,685000
91,138930,BNK금융지주,2019/06,7490
92,28670,팬오션,2019/06,4640
93,17800,현대엘리베이,2019/06,90700
94,47050,포스코인터내셔널,2019/06,18350
95,10060,OCI,2019/06,93300
96,47040,대우건설,2019/06,4940
97,880,한화,2019/06,26700
98,10620,현대미포조선,2019/06,49400
99,294870,HDC현대산업개발,2019/06,43500
100,69960,현대백화점,2019/06,82700
101,26960,동서,2019/06,19250
102,64350,현대로템,2019/06,21050
103,150,두산,2019/06,100500
104,9240,한샘,2019/06,73300
105,12450,한화에어로스페이스,2019/06,33250
106,111770,영원무역,2019/06,37300
107,69620,대웅제약,2019/06,150000
108,20150,일진머티리얼즈,2019/06,37350
109,240,한국테크놀로지그룹,2019/06,17150
110,6260,LS,2019/06,47500
111,4800,효성,2019/06,72600
112,4370,농심,2019/06,254000
113,80,하이트진로,2019/06,20350
114,3240,태광산업,2019/06,1320000
115,6280,녹십자,2019/06,121500
116,214320,이노션,2019/06,71300
117,11790,SKC,2019/06,39600
118,31430,신세계인터내셔날,2019/06,213000
119,51600,한전KPS,2019/06,31250
120,10120,LS산전,2019/06,50500
121,670,영풍,2019/06,720000
122,4000,롯데정밀화학,2019/06,52800
123,5300,롯데칠성,2019/06,171500
124,204320,만도,2019/06,29500
125,11210,현대위아,2019/06,48650
126,42670,두산인프라코어,2019/06,6220
127,161890,한국콜마,2019/06,60400
128,9420,한올바이오파마,2019/06,24900
129,1740,SK네트웍스,2019/06,5060
130,5440,현대그린푸드,2019/06,13100
131,114090,GKL,2019/06,20500
132,34020,두산중공업,2019/06,6200
133,57050,현대홈쇼핑,2019/06,106000
134,10780,아이에스동서,2019/06,38650
135,1800,오리온홀딩스,2019/06,17150
136,3000,부광약품,2019/06,17500
137,5850,에스엘,2019/06,23700
138,192820,코스맥스,2019/06,109000
139,49770,동원F&B,2019/06,281000
140,73240,금호타이어,2019/06,3970
141,120110,코오롱인더,2019/06,42700
142,14820,동원시스템즈,2019/06,43050
143,2350,넥센타이어,2019/06,9750
144,3520,영진약품,2019/06,5070
145,5250,녹십자홀딩스,2019/06,21700
146,192400,쿠쿠홀딩스,2019/06,138000
147,18250,애경산업,2019/06,37000
148,71840,롯데하이마트,2019/06,43700
149,185750,종근당,2019/06,92200
150,8060,대덕전자,2019/06,11800
151,1680,대상,2019/06,24250
152,5610,SPC삼립,2019/06,98100
153,6650,대한유화,2019/06,130000
154,12630,HDC,2019/06,15150
155,14680,한솔케미칼,2019/06,79500
156,170900,동아에스티,2019/06,101500
157,69260,휴켐스,2019/06,22000
158,79160,CJ CGV,2019/06,37600
159,105630,한세실업,2019/06,20950
160,115390,락앤락,2019/06,15600
161,20000,한섬,2019/06,37000
162,1120,LG상사,2019/06,17800
163,5180,빙그레,2019/06,68300
164,25540,한국단자,2019/06,67300
165,27410,BGF,2019/06,7400
166,285130,SK케미칼,2019/06,57500
167,79550,LIG넥스원,2019/06,31100
168,93050,LF,2019/06,23000
169,103140,풍산,2019/06,25900
170,52690,한전기술,2019/06,20250
171,70,삼양홀딩스,2019/06,73700
172,145990,삼양사,2019/06,54600
173,990,DB하이텍,2019/06,14750
174,1060,JW중외제약,2019/06,31400
175,1230,동국제강,2019/06,6710
176,1430,세아베스틸,2019/06,18400
177,2270,롯데푸드,2019/06,588000
178,3620,쌍용차,2019/06,4045
179,4490,세방전지,2019/06,42750
180,6390,한일현대시멘트,2019/06,37250
181,6840,AK홀딩스,2019/06,44450
182,64960,S&T모티브,2019/06,44600
183,93370,후성,2019/06,6790
184,108670,LG하우시스,2019/06,61500
185,640,동아쏘시오홀딩스,2019/06,97300
186,1520,동양,2019/06,1800
187,2240,고려제강,2019/06,26250
188,2960,한국쉘석유,2019/06,333500
189,3850,보령제약,2019/06,11600
190,60980,한라홀딩스,2019/06,44150
191,7570,일양약품,2019/06,25650
192,14830,유니드,2019/06,50300
193,19680,대교,2019/06,6270
194,25860,남해화학,2019/06,10800
195,6120,SK디스커버리,2019/06,27350
196,3920,남양유업,2019/06,563000
197,298040,효성중공업,2019/06,33600
198,96760,JW홀딩스,2019/06,6100
199,79430,현대리바트,2019/06,17350
0,5930,삼성전자,2020/06,52800
1,660,SK하이닉스,2020/06,85100
2,207940,삼성바이오로직스,2020/06,775000
3,35420,NAVER,2020/06,267000
4,68270,셀트리온,2020/06,306000
5,51910,LG화학,2020/06,490500
6,6400,삼성SDI,2020/06,363500
7,35720,카카오,2020/06,267500
8,28260,삼성물산,2020/06,116000
9,51900,LG생활건강,2020/06,1346000
10,5380,현대차,2020/06,97700
11,34730,SK,2020/06,291000
12,36570,엔씨소프트,2020/06,891000
13,12330,현대모비스,2020/06,192000
14,17670,SK텔레콤,2020/06,211000
15,5490,POSCO,2020/06,174000
16,105560,KB금융,2020/06,33950
17,55550,신한지주,2020/06,28750
18,18260,삼성에스디에스,2020/06,168500
19,270,기아차,2020/06,32050
20,15760,한국전력,2020/06,19500
21,3550,LG,2020/06,71200
22,96770,SK이노베이션,2020/06,131000
23,33780,KT&G,2020/06,78200
24,66570,LG전자,2020/06,63200
25,90430,아모레퍼시픽,2020/06,167500
26,9150,삼성전기,2020/06,129000
27,32830,삼성생명,2020/06,44700
28,251270,넷마블,2020/06,100500
29,810,삼성화재,2020/06,176000
30,86790,하나금융지주,2020/06,27000
31,10950,S-Oil,2020/06,63500
32,10130,고려아연,2020/06,335000
33,316140,우리금융지주,2020/06,8810
34,9540,한국조선해양,2020/06,87400
35,30200,KT,2020/06,23550
36,11170,롯데케미칼,2020/06,167000
37,271560,오리온,2020/06,134000
38,32640,LG유플러스,2020/06,12200
39,24110,기업은행,2020/06,8080
40,21240,코웨이,2020/06,72200
41,97950,CJ제일제당,2020/06,326000
42,18880,한온시스템,2020/06,9060
43,180640,한진칼,2020/06,80200
44,3670,포스코케미칼,2020/06,75100
45,35250,강원랜드,2020/06,21500
46,6800,미래에셋대우,2020/06,6670
47,2790,아모레G,2020/06,51600
48,11070,LG이노텍,2020/06,174500
49,34220,LG디스플레이,2020/06,11350
50,86280,현대글로비스,2020/06,101500
51,267250,현대중공업지주,2020/06,246000
52,10140,삼성중공업,2020/06,5950
53,720,현대건설,2020/06,33050
54,120,CJ대한통운,2020/06,157500
55,78930,GS,2020/06,36250
56,4990,롯데지주,2020/06,31600
57,100,유한양행,2020/06,50600
58,29780,삼성카드,2020/06,27350
59,12750,에스원,2020/06,85800
60,161390,한국타이어앤테크놀로지,2020/06,24650
61,9830,한화솔루션,2020/06,19250
62,5830,DB손해보험,2020/06,42850
63,80,하이트진로,2020/06,43800
64,139480,이마트,2020/06,105500
65,42660,대우조선해양,2020/06,27050
66,128940,한미약품,2020/06,243500
67,8770,호텔신라,2020/06,71000
68,7070,GS리테일,2020/06,36450
69,210,대림산업,2020/06,82300
70,4020,현대제철,2020/06,20500
71,3410,쌍용양회,2020/06,5100
72,241560,두산밥캣,2020/06,26300
73,36460,한국가스공사,2020/06,26200
74,1040,CJ,2020/06,86300
75,71050,한국금융지주,2020/06,44500
76,282330,BGF리테일,2020/06,139000
77,11790,SKC,2020/06,61000
78,5940,NH투자증권,2020/06,8270
79,28050,삼성엔지니어링,2020/06,12250
80,47810,한국항공우주,2020/06,23750
81,16360,삼성증권,2020/06,26350
82,11780,금호석유,2020/06,74500
83,20150,일진머티리얼즈,2020/06,49600
84,23530,롯데쇼핑,2020/06,79500
85,8930,한미사이언스,2020/06,33300
86,4170,신세계,2020/06,220500
87,4370,농심,2020/06,365500
88,3000,부광약품,2020/06,33900
89,28670,팬오션,2020/06,3820
90,8560,메리츠증권,2020/06,3030
91,1450,현대해상,2020/06,22900
92,81660,휠라홀딩스,2020/06,35100
93,6360,GS건설,2020/06,24550
94,9240,한샘,2020/06,86200
95,7310,오뚜기,2020/06,557000
96,30000,제일기획,2020/06,16400
97,17800,현대엘리베이,2020/06,69200
98,6280,녹십자,2020/06,148000
99,47050,포스코인터내셔널,2020/06,13950
100,26960,동서,2020/06,15850
101,3490,대한항공,2020/06,17350
102,880,한화,2020/06,22150
103,138930,BNK금융지주,2020/06,5000
104,192080,더블유게임즈,2020/06,79800
105,285130,SK케미칼,2020/06,128500
106,11200,HMM,2020/06,4685
107,14680,한솔케미칼,2020/06,127000
108,10120,LS ELECTRIC,2020/06,47900
109,47040,대우건설,2020/06,3430
110,69620,대웅제약,2020/06,132500
111,9420,한올바이오파마,2020/06,28100
112,42670,두산인프라코어,2020/06,7250
113,294870,HDC현대산업개발,2020/06,21100
114,51600,한전KPS,2020/06,29050
115,7700,F&F,2020/06,92100
116,69960,현대백화점,2020/06,56300
117,4800,효성,2020/06,62800
118,64350,현대로템,2020/06,15350
119,185750,종근당,2020/06,108500
120,12450,한화에어로스페이스,2020/06,24600
121,16380,KG동부제철,2020/06,11750
122,34020,두산중공업,2020/06,4835
123,88350,한화생명,2020/06,1360
124,10620,현대미포조선,2020/06,31300
125,990,DB하이텍,2020/06,28850
126,1740,SK네트웍스,2020/06,4745
127,2380,KCC,2020/06,133000
128,7570,일양약품,2020/06,64000
129,9410,태영건설,2020/06,15600
130,240,한국테크놀로지그룹,2020/06,12950
131,31430,신세계인터내셔날,2020/06,157000
132,6260,LS,2020/06,34800
133,5250,녹십자홀딩스,2020/06,24000
134,111770,영원무역,2020/06,25400
135,161890,한국콜마,2020/06,42600
136,192820,코스맥스,2020/06,97800
137,204320,만도,2020/06,22350
138,11210,현대위아,2020/06,34550
139,3520,영진약품,2020/06,5520
140,214320,이노션,2020/06,44700
141,10060,OCI,2020/06,37000
142,5300,롯데칠성,2020/06,102000
143,4000,롯데정밀화학,2020/06,34450
144,1800,오리온홀딩스,2020/06,13300
145,1680,대상,2020/06,25850
146,670,영풍,2020/06,462500
147,120110,코오롱인더,2020/06,32100
148,73240,금호타이어,2020/06,3015
149,71840,롯데하이마트,2020/06,38500
150,32350,롯데관광개발,2020/06,13350
151,20560,아시아나항공,2020/06,3840
152,20000,한섬,2020/06,35000
153,10780,아이에스동서,2020/06,28150
154,114090,GKL,2020/06,12850
155,93370,후성,2020/06,8060
156,3240,태광산업,2020/06,696000
157,5440,현대그린푸드,2020/06,7730
158,57050,현대홈쇼핑,2020/06,64000
159,49770,동원F&B,2020/06,179000
160,170900,동아에스티,2020/06,86800
161,1060,JW중외제약,2020/06,36250
162,6120,SK디스커버리,2020/06,39050
163,284740,쿠쿠홈시스,2020/06,33600
164,241590,화승엔터프라이즈,2020/06,11400
165,3850,보령제약,2020/06,16850
166,6650,대한유화,2020/06,113000
167,150,두산,2020/06,38000
168,640,동아쏘시오홀딩스,2020/06,95200
169,1120,LG상사,2020/06,15550
170,5180,빙그레,2020/06,60100
171,18250,애경산업,2020/06,23500
172,52690,한전기술,2020/06,15000
173,69260,휴켐스,2020/06,15900
174,79550,LIG넥스원,2020/06,30000
175,103140,풍산,2020/06,21850
176,108670,LG하우시스,2020/06,64300
177,115390,락앤락,2020/06,11200
178,192400,쿠쿠홀딩스,2020/06,78800
179,70,삼양홀딩스,2020/06,57000
180,1230,동국제강,2020/06,5300
181,64960,S&T모티브,2020/06,37900
182,14820,동원시스템즈,2020/06,21050
183,12630,HDC,2020/06,8470
184,6390,한일현대시멘트,2020/06,27900
185,5610,SPC삼립,2020/06,62500
186,2350,넥센타이어,2020/06,5330
187,1430,세아베스틸,2020/06,10150
188,79160,CJ CGV,2020/06,20450
189,93050,LF,2020/06,12350
190,14830,유니드,2020/06,41950
191,19680,대교,2020/06,4280
192,105630,한세실업,2020/06,10550
193,145990,삼양사,2020/06,39850
194,4490,세방전지,2020/06,30450
195,27410,BGF,2020/06,4240
196,2270,롯데푸드,2020/06,350000
197,25860,남해화학,2020/06,7320
198,2240,고려제강,2020/06,15250
199,60980,한라홀딩스,2020/06,26700
0,5930,삼성전자,2021/06,80700
1,660,SK하이닉스,2021/06,127500
2,35720,카카오,2021/06,163000
3,35420,NAVER,2021/06,417500
4,51910,LG화학,2021/06,850000
5,207940,삼성바이오로직스,2021/06,841000
6,5380,현대차,2021/06,239500
7,6400,삼성SDI,2021/06,698000
8,68270,셀트리온,2021/06,268500
9,270,기아,2021/06,89600
10,5490,POSCO,2021/06,348000
11,12330,현대모비스,2021/06,292000
12,51900,LG생활건강,2021/06,1762000
13,96770,SK이노베이션,2021/06,295500
14,66570,LG전자,2021/06,163500
15,28260,삼성물산,2021/06,136500
16,105560,KB금융,2021/06,55800
17,17670,SK텔레콤,2021/06,320000
18,55550,신한지주,2021/06,40600
19,34730,SK,2021/06,282500
20,36570,엔씨소프트,2021/06,820000
21,3550,LG,2021/06,102500
22,32830,삼성생명,2021/06,79800
23,15760,한국전력,2021/06,24850
24,11200,HMM,2021/06,43900
25,90430,아모레퍼시픽,2021/06,252000
26,18260,삼성에스디에스,2021/06,185000
27,86790,하나금융지주,2021/06,46050
28,9150,삼성전기,2021/06,177000
29,361610,SK아이이테크놀로지,2021/06,183000
30,302440,SK바이오사이언스,2021/06,158500
31,10950,S-Oil,2021/06,102500
32,33780,KT&G,2021/06,84400
33,251270,넷마블,2021/06,134000
34,352820,하이브,2021/06,292500
35,3670,포스코케미칼,2021/06,144000
36,3490,대한항공,2021/06,31500
37,810,삼성화재,2021/06,220500
38,34020,두산중공업,2021/06,23850
39,326030,SK바이오팜,2021/06,123000
40,9540,한국조선해양,2021/06,134000
41,11170,롯데케미칼,2021/06,262500
42,18880,한온시스템,2021/06,16550
43,34220,LG디스플레이,2021/06,24500
44,9830,한화솔루션,2021/06,44550
45,10130,고려아연,2021/06,431500
46,30200,KT,2021/06,31800
47,316140,우리금융지주,2021/06,11450
48,86280,현대글로비스,2021/06,209000
49,24110,기업은행,2021/06,10500
50,4020,현대제철,2021/06,53700
51,97950,CJ제일제당,2021/06,461000
52,32640,LG유플러스,2021/06,15350
53,11780,금호석유,2021/06,219000
54,720,현대건설,2021/06,58300
55,161390,한국타이어앤테크놀로지,2021/06,51700
56,11790,SKC,2021/06,158500
57,6800,미래에셋증권,2021/06,9430
58,35250,강원랜드,2021/06,26900
59,71050,한국금융지주,2021/06,103000
60,21240,코웨이,2021/06,78700
61,267250,현대중공업지주,2021/06,70800
62,2790,아모레G,2021/06,64000
63,11070,LG이노텍,2021/06,223000
64,8930,한미사이언스,2021/06,76500
65,241560,두산밥캣,2021/06,48000
66,19170,신풍제약,2021/06,86000
67,28670,팬오션,2021/06,8540
68,271560,오리온,2021/06,118500
69,28050,삼성엔지니어링,2021/06,23900
70,139480,이마트,2021/06,160000
71,180640,한진칼,2021/06,66000
72,100,유한양행,2021/06,63100
73,78930,GS,2021/06,46250
74,10140,삼성중공업,2021/06,6710
75,4990,롯데지주,2021/06,40200
76,3410,쌍용C&E,2021/06,8350
77,16360,삼성증권,2021/06,44950
78,120,CJ대한통운,2021/06,177000
79,128940,한미약품,2021/06,334500
80,29780,삼성카드,2021/06,34300
81,298020,효성티앤씨,2021/06,900000
82,42660,대우조선해양,2021/06,35800
83,8770,호텔신라,2021/06,97000
84,6280,녹십자,2021/06,328500
85,5830,DB손해보험,2021/06,54800
86,81660,휠라홀딩스,2021/06,58200
87,6360,GS건설,2021/06,42900
88,5940,NH투자증권,2021/06,12900
89,20150,일진머티리얼즈,2021/06,73000
90,36460,한국가스공사,2021/06,36900
91,10620,현대미포조선,2021/06,87400
92,42670,두산인프라코어,2021/06,14450
93,39490,키움증권,2021/06,131000
94,272210,한화시스템,2021/06,17050
95,336260,두산퓨얼셀,2021/06,50000
96,23530,롯데쇼핑,2021/06,115500
97,47040,대우건설,2021/06,7950
98,47810,한국항공우주,2021/06,32900
99,12750,에스원,2021/06,81900
100,112610,씨에스윈드,2021/06,77500
101,204320,만도,2021/06,66500
102,1040,CJ,2021/06,107000
103,8560,메리츠증권,2021/06,4735
104,88350,한화생명,2021/06,3755
105,282330,BGF리테일,2021/06,179500
106,285130,SK케미칼,2021/06,260000
107,7070,GS리테일,2021/06,38650
108,2380,KCC,2021/06,343500
109,26960,동서,2021/06,30500
110,375500,DL이앤씨,2021/06,142000
111,30000,제일기획,2021/06,25150
112,47050,포스코인터내셔널,2021/06,23300
113,990,DB하이텍,2021/06,62400
114,14680,한솔케미칼,2021/06,245500
115,4170,신세계,2021/06,285500
116,10060,OCI,2021/06,117500
117,11210,현대위아,2021/06,101500
118,3090,대웅,2021/06,46750
119,64350,현대로템,2021/06,24250
120,1440,대한전선,2021/06,3070
121,80,하이트진로,2021/06,37700
122,138930,BNK금융지주,2021/06,7730
123,880,한화,2021/06,31750
124,12450,한화에어로스페이스,2021/06,47000
125,9240,한샘,2021/06,102500
126,17800,현대엘리베이,2021/06,53100
127,73240,금호타이어,2021/06,8020
128,120110,코오롱인더,2021/06,80800
129,6260,LS,2021/06,70800
130,1450,현대해상,2021/06,25500
131,4800,효성,2021/06,103000
132,1230,동국제강,2021/06,22200
133,294870,HDC현대산업개발,2021/06,31500
134,298050,효성첨단소재,2021/06,440500
135,51600,한전KPS,2021/06,42850
136,52690,한전기술,2021/06,50500
137,7310,오뚜기,2021/06,544000
138,69960,현대백화점,2021/06,87400
139,111770,영원무역,2021/06,44400
140,240,한국앤컴퍼니,2021/06,20350
141,4370,농심,2021/06,313500
142,69620,대웅제약,2021/06,172000
143,10780,아이에스동서,2021/06,60800
144,16380,KG동부제철,2021/06,17850
145,185750,종근당,2021/06,137000
146,150,두산,2021/06,95700
147,210,DL,2021/06,80000
148,13890,지누스,2021/06,103000
149,5250,녹십자홀딩스,2021/06,34100
150,6650,대한유화,2021/06,238000
151,10120,LS ELECTRIC,2021/06,55900
152,4000,롯데정밀화학,2021/06,66000
153,31430,신세계인터내셔날,2021/06,204000
154,32350,롯데관광개발,2021/06,20150
155,161890,한국콜마,2021/06,58000
156,4490,세방전지,2021/06,97000
157,214320,이노션,2021/06,66000
158,1740,SK네트웍스,2021/06,6020
159,3000,부광약품,2021/06,20250
160,192820,코스맥스,2021/06,131000
161,670,영풍,2021/06,647000
162,1120,LG상사,2021/06,31200
163,3240,태광산업,2021/06,1166000
164,3850,보령제약,2021/06,23600
165,5300,롯데칠성,2021/06,145000
166,9420,한올바이오파마,2021/06,21700
167,14820,동원시스템즈,2021/06,44800
168,20560,아시아나항공,2021/06,17200
169,70,삼양홀딩스,2021/06,110500
170,64960,SNT모티브,2021/06,71000
171,284740,쿠쿠홈시스,2021/06,45250
172,241590,화승엔터프라이즈,2021/06,17650
173,192080,더블유게임즈,2021/06,59600
174,114090,GKL,2021/06,16650
175,105630,한세실업,2021/06,24450
176,103140,풍산,2021/06,38150
177,93370,후성,2021/06,10850
178,79550,LIG넥스원,2021/06,42450
179,79160,CJ CGV,2021/06,30500
180,1680,대상,2021/06,27750
181,1800,오리온홀딩스,2021/06,17050
182,2350,넥센타이어,2021/06,10600
183,3520,영진약품,2021/06,5860
184,5440,현대그린푸드,2021/06,10750
185,6040,동원산업,2021/06,263000
186,6120,SK디스커버리,2021/06,52900
187,20000,한섬,2021/06,42950
188,57050,현대홈쇼핑,2021/06,90400
189,69260,휴켐스,2021/06,23300
190,7570,일양약품,2021/06,37900
191,71840,롯데하이마트,2021/06,35800
192,108670,LG하우시스,2021/06,98300
193,383800,LX홀딩스,2021/06,11250
194,115390,락앤락,2021/06,13700
195,192400,쿠쿠홀딩스,2021/06,123000
196,49770,동원F&B,2021/06,228000
197,3230,삼양식품,2021/06,90800
198,1060,JW중외제약,2021/06,29950
199,7700,F&F홀딩스,2021/06,37650
0,5930,삼성전자,2022/06,57000
1,373220,LG에너지솔루션,2022/06,371000
2,660,SK하이닉스,2022/06,91000
3,207940,삼성바이오로직스,2022/06,790000
4,35420,NAVER,2022/06,240000
5,5380,현대차,2022/06,180500
6,6400,삼성SDI,2022/06,532000
7,51910,LG화학,2022/06,516000
8,270,기아,2022/06,77300
9,35720,카카오,2022/06,69900
10,68270,셀트리온,2022/06,178500
11,28260,삼성물산,2022/06,123000
12,5490,POSCO홀딩스,2022/06,230500
13,105560,KB금융,2022/06,48150
14,55550,신한지주,2022/06,37050
15,12330,현대모비스,2022/06,199000
16,96770,SK이노베이션,2022/06,192000
17,34730,SK,2022/06,215000
18,15760,한국전력,2022/06,22550
19,323410,카카오뱅크,2022/06,30250
20,66570,LG전자,2022/06,88300
21,329180,현대중공업,2022/06,143000
22,32830,삼성생명,2022/06,62600
23,34020,두산에너빌리티,2022/06,19400
24,3550,LG,2022/06,77900
25,11200,HMM,2022/06,24600
26,86790,하나금융지주,2022/06,39350
27,10950,S-Oil,2022/06,104000
28,17670,SK텔레콤,2022/06,52000
29,33780,KT&G,2022/06,82200
30,259960,크래프톤,2022/06,219000
31,51900,LG생활건강,2022/06,680000
32,18260,삼성에스디에스,2022/06,130000
33,9150,삼성전기,2022/06,130500
34,30200,KT,2022/06,36450
35,810,삼성화재,2022/06,201000
36,10130,고려아연,2022/06,487500
37,3490,대한항공,2022/06,25200
38,316140,우리금융지주,2022/06,12100
39,3670,포스코케미칼,2022/06,107000
40,11070,LG이노텍,2022/06,342500
41,377300,카카오페이,2022/06,60200
42,36570,엔씨소프트,2022/06,349500
43,302440,SK바이오사이언스,2022/06,100500
44,90430,아모레퍼시픽,2022/06,130000
45,9830,한화솔루션,2022/06,37900
46,24110,기업은행,2022/06,9620
47,361610,SK아이이테크놀로지,2022/06,98100
48,86280,현대글로비스,2022/06,179500
49,9540,한국조선해양,2022/06,93900
50,11170,롯데케미칼,2022/06,180000
51,352820,하이브,2022/06,145500
52,326030,SK바이오팜,2022/06,74900
53,251270,넷마블,2022/06,68900
54,97950,CJ제일제당,2022/06,379000
55,32640,LG유플러스,2022/06,12750
56,402340,SK스퀘어,2022/06,39050
57,35250,강원랜드,2022/06,25400
58,10140,삼성중공업,2022/06,6070
59,18880,한온시스템,2022/06,10050
60,47810,한국항공우주,2022/06,53800
61,34220,LG디스플레이,2022/06,14550
62,383220,F&F,2022/06,134500
63,11790,SKC,2022/06,133000
64,21240,코웨이,2022/06,63900
65,720,현대건설,2022/06,41350
66,267250,HD현대,2022/06,59400
67,4020,현대제철,2022/06,32100
68,5830,DB손해보험,2022/06,61300
69,100,유한양행,2022/06,56000
70,28050,삼성엔지니어링,2022/06,21550
71,180640,한진칼,2022/06,61800
72,271560,오리온,2022/06,104000
73,11780,금호석유,2022/06,139000
74,60,메리츠화재,2022/06,33150
75,6800,미래에셋증권,2022/06,6620
76,137310,에스디바이오센서,2022/06,38850
77,161390,한국타이어앤테크놀로지,2022/06,32950
78,4990,롯데지주,2022/06,37300
79,128940,한미약품,2022/06,308000
80,78930,GS,2022/06,41850
81,36460,한국가스공사,2022/06,39550
82,10620,현대미포조선,2022/06,91100
83,29780,삼성카드,2022/06,30500
84,3410,쌍용C&E,2022/06,6900
85,10060,OCI,2022/06,143500
86,138040,메리츠금융지주,2022/06,25850
87,71050,한국금융지주,2022/06,61700
88,20150,일진머티리얼즈,2022/06,69800
89,282330,BGF리테일,2022/06,189000
90,28670,팬오션,2022/06,5940
91,2790,아모레G,2022/06,37300
92,16360,삼성증권,2022/06,33450
93,8560,메리츠증권,2022/06,4540
94,5940,NH투자증권,2022/06,9050
95,23530,롯데쇼핑,2022/06,104000
96,241560,두산밥캣,2022/06,28900
97,139480,이마트,2022/06,105500
98,1450,현대해상,2022/06,30950
99,6360,GS건설,2022/06,31550
100,7070,GS리테일,2022/06,25650
101,52690,한전기술,2022/06,71000
102,8930,한미사이언스,2022/06,40050
103,30000,제일기획,2022/06,23750
104,8770,호텔신라,2022/06,71200
105,120,CJ대한통운,2022/06,114000
106,2380,KCC,2022/06,287500
107,272210,한화시스템,2022/06,13950
108,42660,대우조선해양,2022/06,24000
109,26960,동서,2022/06,26200
110,12450,한화에어로스페이스,2022/06,48700
111,12750,에스원,2022/06,64200
112,112610,씨에스윈드,2022/06,57800
113,47050,포스코인터내셔널,2022/06,19250
114,47040,대우건설,2022/06,5840
115,990,DB하이텍,2022/06,49950
116,1040,CJ,2022/06,77700
117,1440,대한전선,2022/06,1845
118,204320,만도,2022/06,47550
119,39490,키움증권,2022/06,82700
120,64350,현대로템,2022/06,20800
121,138930,BNK금융지주,2022/06,6710
122,14680,한솔케미칼,2022/06,204000
123,80,하이트진로,2022/06,30800
124,69620,대웅제약,2022/06,176500
125,6260,LS,2022/06,63600
126,4170,신세계,2022/06,218000
127,880,한화,2022/06,25850
128,336260,두산퓨얼셀,2022/06,30050
129,88350,한화생명,2022/06,2225
130,6280,녹십자,2022/06,168500
131,4000,롯데정밀화학,2022/06,65500
132,4800,효성,2022/06,80400
133,10120,LS ELECTRIC,2022/06,57600
134,298050,효성첨단소재,2022/06,380500
135,81660,휠라홀딩스,2022/06,28100
136,111770,영원무역,2022/06,38400
137,51600,한전KPS,2022/06,38400
138,3090,대웅,2022/06,27250
139,4370,농심,2022/06,267500
140,5300,롯데칠성,2022/06,175000
141,7310,오뚜기,2022/06,424000
142,375500,DL이앤씨,2022/06,41450
143,69960,현대백화점,2022/06,70100
144,79550,LIG넥스원,2022/06,71800
145,93370,후성,2022/06,17750
146,285130,SK케미칼,2022/06,92100
147,14820,동원시스템즈,2022/06,54000
148,210,DL,2022/06,70900
149,5850,에스엘,2022/06,31400
150,298020,효성티앤씨,2022/06,343000
151,11210,현대위아,2022/06,55800
152,120110,코오롱인더,2022/06,52200
153,9240,한샘,2022/06,64500
154,240,한국앤컴퍼니,2022/06,12850
155,1120,LX인터내셔널,2022/06,32550
156,16380,KG스틸,2022/06,13300
157,10780,아이에스동서,2022/06,39000
158,1230,동국제강,2022/06,12850
159,150,두산,2022/06,70000
160,17800,현대엘리베이,2022/06,26900
161,19170,신풍제약,2022/06,21850
162,271940,일진하이솔루스,2022/06,32050
163,31430,신세계인터내셔날,2022/06,30150
164,42670,현대두산인프라코어,2022/06,5440
165,185750,종근당,2022/06,87500
166,20560,아시아나항공,2022/06,15600
167,670,영풍,2022/06,524000
168,1740,SK네트웍스,2022/06,4200
169,1800,오리온홀딩스,2022/06,15000
170,3240,태광산업,2022/06,906000
171,381970,케이카,2022/06,20450
172,32350,롯데관광개발,2022/06,12200
173,73240,금호타이어,2022/06,3480
174,178920,PI첨단소재,2022/06,31900
175,300720,한일시멘트,2022/06,13350
176,5250,녹십자홀딩스,2022/06,19600
177,4490,세방전지,2022/06,52700
178,5440,현대그린푸드,2022/06,7790
179,6040,동원산업,2022/06,224000
180,6650,대한유화,2022/06,122500
181,9420,한올바이오파마,2022/06,16500
182,9900,명신산업,2022/06,16750
183,294870,HDC현대산업개발,2022/06,11150
184,20000,한섬,2022/06,30700
185,39130,하나투어,2022/06,54000
186,69260,TKG휴켐스,2022/06,19750
187,114090,GKL,2022/06,12950
188,161890,한국콜마,2022/06,38150
189,241590,화승엔터프라이즈,2022/06,11950
190,13890,지누스,2022/06,48800
191,70,삼양홀딩스,2022/06,71300
192,1680,대상,2022/06,20500
193,3850,보령,2022/06,10150
194,57050,현대홈쇼핑,2022/06,50600
195,284740,쿠쿠홈시스,2022/06,28300
196,105630,한세실업,2022/06,16950
197,192080,더블유게임즈,2022/06,38400
198,192820,코스맥스,2022/06,56500
199,103140,풍산,2022/06,24800
