,회사명,거래소코드,회계년도,자산(*)(IFRS연결)(천원),현금및현금성자산(*)(IFRS연결)(천원),부채(*)(IFRS연결)(천원),유동자산(*)(IFRS연결)(천원),유동부채(*)(IFRS연결)(천원),원재료(부재료)(IFRS연결)(천원),"선급공사비,외주비(IFRS연결)(천원)",매출액(수익)(*)(IFRS연결)(천원),법인세비용차감전순이익(손실)(IFRS연결)(천원),법인세비용(IFRS연결)(천원),당기순이익(손실)(IFRS연결)(천원)
0,(주)BNK금융지주,138930,2020/06,,,,,,,,,,,
1,(주)DB하이텍,990,2020/06,1119078521.0,30746312.0,384003875.0,400515703.0,259077360.0,47807241.0,0.0,467454113.0,133612975.0,28195552.0,105417424.0
2,(주)JB금융지주,175330,2020/06,,,,,,,,,,,
3,(주)KB금융지주,105560,2020/06,,,,,,,,,,,
4,(주)강원랜드,35250,2020/06,3917774981.0,132910626.0,590028215.0,1382669328.0,490598293.0,2292481.0,0.0,270639302.0,-292697014.0,-91020313.0,-201676701.0
5,(주)녹십자,6280,2020/06,2049490835.0,120530775.0,871810566.0,990741760.0,572603931.0,68870000.0,0.0,667802356.0,16945438.0,7277609.0,9830793.0
6,(주)녹십자홀딩스,5250,2020/06,3184314165.0,225359334.0,1682597679.0,1265343990.0,1067244522.0,86725000.0,0.0,778126624.0,35359141.0,16133099.0,19389007.0
7,(주)농심,4370,2020/06,2792907590.0,367529021.0,773454947.0,1178038704.0,647713050.0,61203320.0,0.0,1355698170.0,115153583.0,29878603.0,85274980.0
8,(주)대우건설,47040,2020/06,9621140583.0,930100973.0,6980650685.0,6106882078.0,5233341035.0,45505000.0,0.0,3949033397.0,146953002.0,32628295.0,114324707.0
9,(주)대웅,3090,2020/06,1649563016.0,143043756.0,625733983.0,737186542.0,269244689.0,58066680.0,0.0,657304140.0,37407644.0,7766043.0,29641601.0
10,(주)대웅제약,69620,2020/06,1250486026.0,73873130.0,594666296.0,525480360.0,249692239.0,44456860.0,0.0,511346160.0,-2863066.0,-2350085.0,-512981.0
11,(주)대한항공,3490,2020/06,26680165564.0,1348535379.0,24455765733.0,4312465500.0,8993395582.0,104173727.0,0.0,4155749477.0,-748307732.0,-128819493.0,-619488240.0
12,(주)더블유게임즈,192080,2020/06,1043935387.0,42481116.0,106317855.0,135764997.0,60670985.0,0.0,0.0,326196799.0,76174540.0,22415775.0,53758765.0
13,(주)동서,26960,2020/06,1481080568.0,19771792.0,127307114.0,737577828.0,58164672.0,0.0,0.0,238638124.0,90102782.0,17064599.0,73038183.0
14,(주)두산,150,2020/06,30248059149.0,1942347586.0,23715790161.0,11768035062.0,16797014886.0,954597000.0,0.0,8636290168.0,-456811931.0,155083992.0,-617015547.0
15,(주)메리츠금융지주,138040,2020/06,,,,,,,,,,,
16,(주)보령,3850,2020/06,628280995.0,69721063.0,294292015.0,344033653.0,132344156.0,24291154.0,0.0,268709685.0,22063636.0,7298220.0,14765416.0
17,(주)비지에프리테일,282330,2020/06,2247013118.0,20257392.0,1626271199.0,741427100.0,975281091.0,1597000.0,0.0,2942260062.0,61887819.0,16837781.0,45050038.0
18,(주)셀트리온,68270,2020/06,4349747992.0,701858849.0,1184287817.0,2182115805.0,826643148.0,164632030.0,0.0,801646263.0,319019626.0,75120064.0,243899563.0
19,(주)신세계,4170,2020/06,12981286726.0,414486097.0,8068329309.0,2043527089.0,3579606551.0,7633000.0,0.0,2211259729.0,-127761557.0,-26358725.0,-101402832.0
20,(주)신세계인터내셔날,31430,2020/06,1206298322.0,82511460.0,594031148.0,475569901.0,367630774.0,7587804.0,0.0,610549886.0,22777517.0,1827033.0,20950483.0
21,(주)신한금융지주회사,55550,2020/06,,,,,,,,,,,
22,(주)아모레퍼시픽,90430,2020/06,5789456195.0,540420673.0,1278276260.0,1641413242.0,912905952.0,65375000.0,0.0,2186591797.0,84319456.0,10613251.0,73706206.0
23,(주)아모레퍼시픽그룹,2790,2020/06,7919316330.0,1050130673.0,1577772366.0,2603094445.0,1093457625.0,83699000.0,0.0,2460117508.0,121283400.0,21332902.0,99950498.0
24,(주)에스원,12750,2020/06,1816858275.0,223655371.0,490645361.0,718752330.0,367660002.0,0.0,0.0,1092684096.0,108681511.0,25796950.0,82884561.0
25,(주)엔씨소프트,36570,2020/06,3644402443.0,200156572.0,854833343.0,2323935008.0,414665277.0,0.0,0.0,1269677873.0,471967577.0,118140612.0,353826965.0
26,(주)엘에스,6260,2020/06,11214426000.0,1283807000.0,6888265000.0,6351137000.0,3825528000.0,0.0,0.0,5080818000.0,81990000.0,26274000.0,56989000.0
27,(주)엘엑스인터내셔널,1120,2020/06,5423440145.0,771974614.0,3614699253.0,3022416655.0,2352723463.0,7403000.0,0.0,4757069048.0,402769745.0,111159755.0,291609990.0
28,(주)엘지,3550,2020/06,23698950000.0,2050913000.0,3319796000.0,4529723000.0,1990001000.0,6788000.0,0.0,3080370000.0,972374000.0,249081000.0,723293000.0
29,(주)엘지생활건강,51900,2020/06,6619847210.0,343602051.0,2089719173.0,1967766492.0,1602210129.0,113956000.0,0.0,3679520901.0,596964213.0,158168025.0,438796187.0
30,(주)엘지유플러스,32640,2020/06,18277412000.0,440415000.0,10808745000.0,5173610000.0,4678267000.0,0.0,0.0,6559283000.0,399141000.0,94822000.0,299340000.0
31,(주)엘지화학,51910,2020/06,38576295000.0,3363343000.0,20733879000.0,14975511000.0,10976856000.0,1288931000.0,0.0,13664360000.0,627614000.0,186992000.0,455417000.0
32,(주)영원무역,111770,2020/06,3500124172.0,645507448.0,1466613526.0,2067067635.0,983299979.0,201203649.0,0.0,1074565647.0,110019808.0,28913214.0,81106594.0
33,(주)영풍,670,2020/06,4871545125.0,314659985.0,1146347896.0,1501825921.0,682505848.0,87307500.0,0.0,1448750509.0,113348492.0,33141133.0,80207359.0
34,(주)오뚜기,7310,2020/06,2463343280.0,218412755.0,1055725874.0,937734612.0,713426789.0,80530438.0,0.0,1286433813.0,109043596.0,22136006.0,86907590.0
35,(주)오리온,271560,2020/06,2527307201.0,256328126.0,720634968.0,647490331.0,308240003.0,62729216.0,0.0,1054903967.0,200182656.0,59527719.0,140654937.0
36,(주)오리온홀딩스,1800,2020/06,4398982066.0,268009782.0,958224061.0,788392418.0,393911018.0,62935837.0,0.0,1092044722.0,167301164.0,52435573.0,114865590.0
37,(주)우리금융지주,316140,2020/06,,,,,,,,,,,
38,(주)유한양행,100,2020/06,2383038538.0,548287565.0,586457992.0,1331558991.0,462118150.0,53836415.0,0.0,728762556.0,205330604.0,55671787.0,149658817.0
39,(주)이마트,139480,2020/06,21394796161.0,1019009842.0,11120412057.0,3487335486.0,5506887809.0,75017000.0,0.0,10398771811.0,583941864.0,224897809.0,359044055.0
40,(주)제일기획,30000,2020/06,2074472436.0,405455950.0,1141613852.0,1601121801.0,948440079.0,0.0,0.0,1324015167.0,84836579.0,26315617.0,58520961.0
41,(주)종근당,185750,2020/06,887607360.0,152326728.0,378456354.0,558324206.0,307039185.0,42541852.0,0.0,607388284.0,61440000.0,16220886.0,45219115.0
42,(주)지누스,13890,2020/06,795074092.0,121569233.0,378769070.0,555353538.0,312095084.0,0.0,0.0,408719417.0,46875570.0,11500408.0,35375162.0
43,(주)지에스,78930,2020/06,24650701000.0,1260994000.0,13806680000.0,3611020000.0,4397972000.0,0.0,0.0,7861619000.0,44985000.0,330696000.0,-285711000.0
44,(주)지에스리테일,7070,2020/06,7210397960.0,119809257.0,4637896466.0,1007974879.0,1903925873.0,1372000.0,0.0,4352606225.0,112288114.0,29275693.0,83012421.0
45,(주)카카오,35720,2020/06,10042994999.0,1812572517.0,3341525268.0,3273438926.0,2034395199.0,525038.0,0.0,1821230086.0,330722143.0,105600365.0,225121778.0
46,(주)케이씨씨,2380,2020/06,12449899541.0,946049296.0,7450310819.0,3507795051.0,3389983026.0,159877542.0,0.0,2499945770.0,73999117.0,42659998.0,78133372.0
47,(주)케이티,30200,2020/06,34003435000.0,2942236000.0,18629655000.0,12480499000.0,9909879000.0,0.0,0.0,11708219000.0,675051000.0,240890000.0,434161000.0
48,(주)케이티앤지,33780,2020/06,11028161031.0,1193362829.0,2338581137.0,6590730151.0,1968093491.0,835914000.0,0.0,2497252491.0,817554909.0,230222116.0,587332793.0
49,(주)크래프톤,259960,2020/06,1508267662.0,349566709.0,499954099.0,1224087382.0,374570027.0,0.0,0.0,887215543.0,526622554.0,121663804.0,404958750.0
50,(주)포스코인터내셔널,47050,2020/06,9156517039.0,726080214.0,6001941142.0,5298136366.0,3820709999.0,101111000.0,0.0,10762920928.0,221061489.0,66335240.0,154726249.0
51,(주)포스코퓨처엠,3670,2020/06,2122690455.0,501860780.0,1133230083.0,958944921.0,163470329.0,0.0,0.0,727700417.0,9389244.0,2310313.0,7078931.0
52,(주)풍산,103140,2020/06,2481718701.0,92998827.0,1097138414.0,1202818872.0,728568281.0,76773000.0,0.0,1161184641.0,13562663.0,8723589.0,4839074.0
53,(주)하나금융지주,86790,2020/06,,,,,,,,,,,
54,(주)하나투어,39130,2020/06,879455534.0,101988145.0,636942261.0,312580605.0,264648075.0,89388.0,0.0,120064994.0,-134661952.0,-32954721.0,-101707231.0
55,(주)하이브,352820,2020/06,820660619.0,197626032.0,618616531.0,367787924.0,229964391.0,0.0,0.0,293995796.0,46941048.0,13771292.0,33169756.0
56,(주)한샘,9240,2020/06,1214980966.0,73496066.0,624654966.0,482988700.0,425261262.0,12431933.0,0.0,1011642384.0,38912201.0,11916528.0,26995672.0
57,(주)한섬,20000,2020/06,1329686727.0,43622868.0,255797954.0,752010956.0,202401647.0,53270649.0,0.0,548140242.0,46218355.0,11979477.0,34238879.0
58,(주)한솔케미칼,14680,2020/06,905580967.0,82981076.0,342847245.0,250886000.0,151773635.0,25763299.0,0.0,295358155.0,90705230.0,21651035.0,67580259.0
59,(주)한진칼,180640,2020/06,2215181701.0,126672530.0,1150351824.0,422634050.0,566844071.0,715551.0,0.0,241909932.0,-333977348.0,-757506.0,-333219842.0
60,(주)한화,880,2020/06,189801765000.0,4280236000.0,170815669000.0,16301308000.0,16699896000.0,1132884000.0,5231000.0,25466065000.0,688186000.0,152755000.0,535431000.0
61,(주)현대미포조선,10620,2020/06,3516996044.0,490934977.0,1129628158.0,1886320973.0,1093264377.0,95874317.0,0.0,1501477467.0,56761564.0,12387671.0,44373893.0
62,(주)현대백화점,69960,2020/06,8324171613.0,428730946.0,3357917829.0,1789273875.0,2117488596.0,0.0,0.0,966172055.0,53784445.0,15151034.0,38633411.0
63,(주)현대지에프홀딩스,5440,2020/06,2943486467.0,59154940.0,855677094.0,1120497249.0,516703060.0,74023862.0,0.0,1620496859.0,86672884.0,20120313.0,66552571.0
64,(주)현대홈쇼핑,57050,2020/06,2579493991.0,57189938.0,818646459.0,988023018.0,648437275.0,11393000.0,0.0,1106977072.0,96365416.0,22881391.0,73484025.0
65,(주)호텔신라,8770,2020/06,3303942739.0,210862268.0,2536388163.0,1325564528.0,971667448.0,4639904.0,0.0,1466639987.0,-174468692.0,-33177594.0,-141291098.0
66,(주)화승엔터프라이즈,241590,2020/06,1146782924.0,238554482.0,607147128.0,601294257.0,506383451.0,106231863.0,0.0,590704799.0,19267140.0,5659270.0,13607870.0
67,(주)효성,4800,2020/06,6573436299.0,361848122.0,3970824800.0,1552347014.0,2431573134.0,45194000.0,0.0,1336696827.0,46168903.0,12343673.0,33825230.0
68,(주)후성,93370,2020/06,527412075.0,44963488.0,287457406.0,128950697.0,90614736.0,8416800.0,0.0,122434159.0,-3710620.0,881759.0,-4592379.0
69,(주)휠라홀딩스,81660,2020/06,3968999820.0,375229352.0,2070318071.0,1711212299.0,986094223.0,89402164.0,0.0,1414912213.0,110690344.0,25669947.0,85020397.0
70,DB손해보험(주),5830,2020/06,,,,,,,,,,,
71,HD현대(주),267250,2020/06,26374471927.0,2224257283.0,14982144647.0,8642252843.0,7603249458.0,773480000.0,0.0,9722090099.0,-621901930.0,-248572505.0,-373329425.0
72,KG스틸(주),16380,2020/06,2346185258.0,131373627.0,1421278245.0,763354521.0,591798904.0,96163000.0,0.0,1163655159.0,32691869.0,556468.0,32135401.0
73,LG이노텍(주),11070,2020/06,5738908891.0,729365207.0,3445413441.0,2435647834.0,1914886905.0,120314000.0,0.0,3550743446.0,123824083.0,35660585.0,88163498.0
74,LS일렉트릭(주),10120,2020/06,2549038324.0,575380416.0,1172454741.0,1675723561.0,591188655.0,80181685.0,0.0,1233877068.0,64636579.0,19274540.0,45467820.0
75,OCI(주),10060,2020/06,4570546443.0,412794994.0,1969739237.0,1909953418.0,982008177.0,108876566.0,0.0,970236639.0,-134048664.0,-37946703.0,-96119817.0
76,SK이노베이션(주),96770,2020/06,39264687863.0,4131794323.0,23432303573.0,15044771493.0,11621735336.0,867241000.0,0.0,18362579444.0,-2527601395.0,-629612255.0,-1897989140.0
77,고려아연(주),10130,2020/06,7950906825.0,868495531.0,1079597905.0,4516186174.0,789130363.0,426277609.0,0.0,3354627243.0,358003501.0,105106941.0,252896560.0
78,그랜드코리아레저(주),114090,2020/06,800257623.0,124819038.0,256647660.0,347972944.0,141810670.0,0.0,0.0,134769547.0,-9096595.0,-255835.0,-8840760.0
79,금호석유화학(주),11780,2020/06,4667229474.0,491336741.0,1897722217.0,1442832496.0,1189842449.0,99454000.0,0.0,2251743317.0,265699370.0,61663413.0,227363457.0
80,금호타이어(주),73240,2020/06,3815131716.0,78557001.0,2635755848.0,1045394281.0,916558842.0,76597000.0,0.0,956288691.0,-110064503.0,21875107.0,-131939610.0
81,기아(주),270,2020/06,58339974000.0,6692576000.0,29437889000.0,23799689000.0,19403021000.0,890116000.0,0.0,25935741000.0,493304000.0,101026000.0,392278000.0
82,네이버(주),35420,2020/06,14675445319.0,3711105880.0,6717594050.0,7081905383.0,4562847927.0,0.0,0.0,3634532420.0,429637169.0,204080383.0,225556786.0
83,넷마블(주),251270,2020/06,7298141217.0,740394195.0,2047033042.0,1521841495.0,1613361206.0,0.0,0.0,1218638562.0,138715912.0,-4005503.0,142721415.0
84,대상(주),1680,2020/06,2682773531.0,604328510.0,1578937137.0,1344570443.0,920572180.0,113628000.0,0.0,1537707165.0,139798766.0,51490251.0,88308515.0
85,대우조선해양(주),42660,2020/06,11168858003.0,1464245336.0,7118715729.0,6747880428.0,4671722742.0,266069900.0,6489000.0,3923929025.0,295009336.0,1002202.0,294007134.0
86,대한유화(주),6650,2020/06,2038472113.0,199615418.0,251472497.0,500445871.0,90002176.0,53967686.0,0.0,935511298.0,32313090.0,8430158.0,23882933.0
87,대한전선(주),1440,2020/06,1163592610.0,132629737.0,843746268.0,653003349.0,803311082.0,0.0,0.0,794115591.0,10740135.0,3119483.0,7468259.0
88,동국제강(주),1230,2020/06,5315602986.0,334559306.0,3262246287.0,1738517274.0,2658475637.0,248821036.0,0.0,2530276434.0,-36372863.0,22191670.0,-58564533.0
89,동원산업(주),6040,2020/06,3136524023.0,341118013.0,1943460883.0,1198512526.0,853740867.0,59864000.0,0.0,1465461009.0,139280082.0,28414730.0,110865352.0
90,동원시스템즈(주),14820,2020/06,1209354969.0,53557497.0,610372977.0,450811739.0,323761714.0,43443389.0,0.0,525297798.0,42734933.0,10633709.0,32101224.0
91,두산밥캣(주),241560,2020/06,7288753857.0,437533284.0,3164434173.0,1873623937.0,1157215900.0,405389940.0,0.0,2028037999.0,120440982.0,45761331.0,74679651.0
92,두산에너빌리티(주),34020,2020/06,25835779628.0,1634315081.0,19948119741.0,10350574175.0,14623437787.0,716789548.0,0.0,7441784365.0,-502044640.0,121072149.0,-623116789.0
93,두산퓨얼셀(주),336260,2020/06,,,,,,,,,,,
94,디엘(주),210,2020/06,14028135462.0,2360557637.0,6933880035.0,6490142663.0,4236434644.0,22048000.0,57668000.0,5011432543.0,648998066.0,155412276.0,411670504.0
95,롯데관광개발(주),32350,2020/06,718799683.0,17787093.0,438103863.0,34626099.0,338703087.0,0.0,0.0,13481977.0,-25115534.0,-841892.0,-24273643.0
96,롯데쇼핑(주),23530,2020/06,33646550105.0,2033617051.0,22011219135.0,6065028138.0,8484539946.0,10004088.0,0.0,8122565091.0,-384099397.0,-128402754.0,-242311002.0
97,롯데에너지머티리얼즈(주),20150,2020/06,1060200923.0,123253251.0,213437352.0,567380302.0,104130985.0,9611423.0,0.0,272610988.0,32573092.0,3922400.0,28650692.0
98,롯데웰푸드(주),280360,2020/06,2748786693.0,261716373.0,1439951089.0,833611921.0,598829061.0,106689662.0,0.0,998735966.0,25017203.0,7639782.0,17377421.0
99,롯데정밀화학(주),4000,2020/06,1782803407.0,17176173.0,224888936.0,808368846.0,203489128.0,25347606.0,0.0,643146285.0,150934121.0,42887568.0,108046553.0
100,롯데지주(주),4990,2020/06,16549097847.0,838303931.0,8438989415.0,3834986157.0,4077968434.0,201947000.0,0.0,4084301566.0,-121876306.0,-20194192.0,-101682114.0
101,롯데칠성음료(주),5300,2020/06,3406569101.0,239748683.0,2196964363.0,871410294.0,926948450.0,79994000.0,0.0,1105372841.0,15001851.0,3014084.0,11987767.0
102,롯데케미칼(주),11170,2020/06,19115829730.0,1438098860.0,5186008561.0,5978186783.0,2246650329.0,355621448.0,0.0,5957815803.0,-92550522.0,-33015577.0,-59534945.0
103,메리츠증권(주),8560,2020/06,,,,,,,,,,,
104,명신산업(주),9900,2020/06,401458365.0,43941099.0,277387897.0,220940843.0,218720749.0,39310002.0,0.0,354760906.0,17911869.0,6022268.0,11889601.0
105,미래에셋증권(주),6800,2020/06,,,,,,,,,,,
106,삼성SDI(주),6400,2020/06,20539962732.0,1521816102.0,7887838810.0,5614982394.0,4754460320.0,563833773.0,0.0,4956144041.0,75955915.0,27530576.0,48425339.0
107,삼성물산(주),28260,2020/06,44850267545.0,3285871745.0,19600830267.0,13168000626.0,11929660716.0,324480048.0,0.0,14183442736.0,806827912.0,239512344.0,567315568.0
108,삼성바이오로직스(주),207940,2020/06,6032874721.0,68961750.0,1589676045.0,1516689246.0,833483684.0,115703585.0,0.0,514888308.0,115519865.0,26848162.0,88671703.0
109,삼성생명보험(주),32830,2020/06,,,,,,,,,,,
110,삼성에스디에스(주),18260,2020/06,8998024684.0,1137407859.0,2337571051.0,6375255184.0,1755269621.0,1725220.0,0.0,5002685259.0,412957320.0,297446640.0,115510680.0
111,삼성엔지니어링(주),28050,2020/06,4721001936.0,824089436.0,3264662870.0,3070030713.0,2952729973.0,0.0,12782707.0,3266777061.0,192610337.0,55709556.0,136900781.0
112,삼성전기(주),9150,2020/06,9188394953.0,1511589070.0,3628592409.0,3936106947.0,2273159333.0,229590307.0,0.0,4036676734.0,224454567.0,51410473.0,178877123.0
113,삼성전자(주),5930,2020/06,357959499000.0,36109613000.0,88151682000.0,186136845000.0,61863721000.0,10307644000.0,0.0,108291320000.0,14526549000.0,4086540000.0,10440009000.0
114,삼성중공업(주),10140,2020/06,14067332323.0,620875326.0,9544533270.0,7504618431.0,7626571397.0,319007000.0,0.0,3518140805.0,-919835728.0,11430079.0,-931265807.0
115,삼성증권(주),16360,2020/06,,,,,,,,,,,
116,삼성카드(주),29780,2020/06,,,,,,,,,,,
117,삼성화재해상보험(주),810,2020/06,,,,,,,,,,,
118,세방전지(주),4490,2020/06,1542742577.0,235147575.0,427819773.0,965476360.0,399276466.0,36699322.0,0.0,605700070.0,61131592.0,14645750.0,46485842.0
119,신풍제약(주),19170,2020/06,390560900.0,27245164.0,176745651.0,231008480.0,136011847.0,17775096.0,0.0,100316296.0,5106275.0,1560559.0,3545716.0
120,쌍용씨앤이(주),3410,2020/06,3211091905.0,112646302.0,1461071137.0,625188307.0,584664845.0,23369284.0,0.0,699048879.0,83594654.0,10292966.0,73301688.0
121,씨에스윈드(주),112610,2020/06,840925473.0,47639688.0,446704474.0,502545139.0,386543694.0,122051728.0,0.0,421648670.0,36546541.0,8025938.0,28520603.0
122,씨제이(주),1040,2020/06,41316035924.0,2323440613.0,26090995335.0,11912763583.0,12495734250.0,787376440.0,0.0,15634006163.0,694159425.0,275674333.0,418485092.0
123,씨제이대한통운(주),120,2020/06,9423961335.0,435011877.0,5709729573.0,2527903369.0,2763218795.0,2159000.0,0.0,5165358381.0,67543129.0,19966228.0,47576901.0
124,씨제이제일제당(주),97950,2020/06,26872869954.0,1205660146.0,16696953257.0,8218135046.0,7920378902.0,868219000.0,0.0,11751821403.0,878356658.0,268414802.0,609941856.0
125,아시아나항공(주),20560,2020/06,13400983585.0,250011226.0,12840508677.0,1445094691.0,4797915081.0,706000.0,0.0,2180139164.0,-663380443.0,-30116883.0,-633263561.0
126,아이에스동서(주),10780,2020/06,3077630696.0,315715875.0,1802161029.0,1996703752.0,1192890560.0,4644699.0,14383073.0,529880592.0,68096220.0,18335002.0,37238302.0
127,에스엘(주),5850,2020/06,2229612122.0,72670425.0,857066009.0,1338648656.0,688757062.0,7916506.0,0.0,1033335262.0,10353567.0,7096612.0,3256955.0
128,에스케이(주),34730,2020/06,136106998000.0,13164041000.0,82919328000.0,39773098000.0,35854812000.0,1404192000.0,0.0,42503190000.0,-707358000.0,58543000.0,-714801000.0
129,에스케이네트웍스(주),1740,2020/06,9468032000.0,813086000.0,7199369000.0,3100951000.0,4074649000.0,37177000.0,0.0,5308091000.0,17693000.0,3257000.0,102648000.0
130,에스케이바이오사이언스(주),302440,2020/06,,,,,,,,,,,
131,에스케이바이오팜(주),326030,2020/06,765507675.0,575978937.0,257923927.0,716217476.0,249232179.0,10849121.0,0.0,5993203.0,-125519407.0,705532.0,-126224939.0
132,에스케이씨(주),11790,2020/06,5766016924.0,475978645.0,3551634540.0,1433944334.0,1598984982.0,120550548.0,0.0,1313443356.0,191065095.0,60039588.0,93913673.0
133,에스케이케미칼(주),285130,2020/06,2257173295.0,295122136.0,1296164489.0,988495099.0,726483609.0,62456368.0,0.0,540956496.0,8943506.0,2825162.0,252304708.0
134,에스케이텔레콤(주),17670,2020/06,45957150000.0,1496903000.0,21940427000.0,8261328000.0,7435399000.0,12376000.0,0.0,9053209000.0,918266000.0,179265000.0,739001000.0
135,에스케이하이닉스(주),660,2020/06,69259297000.0,3918249000.0,19856421000.0,17362825000.0,9595472000.0,738603000.0,0.0,15805426000.0,2655514000.0,742204000.0,1913310000.0
136,에쓰-오일(주),10950,2020/06,16835215000.0,2126374000.0,11308737000.0,6090301000.0,7230879000.0,1087839000.0,0.0,8650222000.0,-1365878000.0,-418346000.0,-947532000.0
137,에이치디씨현대산업개발(주),294870,2020/06,5806782029.0,621892814.0,3072757712.0,4663271815.0,2147230518.0,1475000.0,0.0,1963543448.0,286795861.0,80794251.0,206001610.0
138,에이치디한국조선해양(주),9540,2020/06,26780240485.0,4621064359.0,13692749005.0,14409659699.0,10319975505.0,616377000.0,0.0,7870086637.0,230703134.0,65362929.0,165340205.0
139,에이치디현대인프라코어(주),42670,2020/06,12335015479.0,1177298612.0,7782369260.0,5035644783.0,4756451984.0,612069339.0,0.0,3984931850.0,232239804.0,79547215.0,152692588.0
140,에이치디현대중공업(주),329180,2020/06,,,,,,,,,,,
141,에이치엘만도(주),204320,2020/06,4518084042.0,543533110.0,3043223701.0,2088673846.0,1457166580.0,202884343.0,0.0,2323512729.0,-95555925.0,6762659.0,-102318584.0
142,에이치엠엠(주),11200,2020/06,8423356000.0,687858000.0,6696751000.0,1635154000.0,2152014000.0,0.0,0.0,2688254000.0,-35962000.0,1494000.0,-37456000.0
143,엔에이치투자증권(주),5940,2020/06,,,,,,,,,,,
144,엘아이지넥스원(주),79550,2020/06,2774975403.0,60570920.0,2129965543.0,1830487294.0,1570523536.0,114714949.0,1697780.0,701126592.0,39411588.0,6083166.0,33328422.0
145,엘지디스플레이(주),34220,2020/06,35054254000.0,3520803000.0,22953481000.0,9826257000.0,11160360000.0,426930000.0,0.0,10031270000.0,-963820000.0,-261093000.0,-702727000.0
146,엘지전자(주),66570,2020/06,44770155000.0,5464763000.0,27411364000.0,19904993000.0,16360907000.0,2164054000.0,0.0,27561630000.0,1537284000.0,385003000.0,1152281000.0
147,중소기업은행,24110,2020/06,,,,,,,,,,,
148,지에스건설(주),6360,2020/06,13694765002.0,1944065181.0,9503793569.0,7313669179.0,5880856830.0,58877000.0,114301000.0,4988841259.0,311505424.0,94800515.0,216704910.0
149,코스맥스(주),192820,2020/06,1288148295.0,60703987.0,958894103.0,679577698.0,734416845.0,108598384.0,0.0,707713386.0,36299515.0,21330640.0,14968875.0
150,코오롱인더스트리(주),120110,2020/06,5108552079.0,135661779.0,2858778471.0,1960563667.0,2114101471.0,152188019.0,0.0,1931611025.0,253636653.0,76659445.0,180042821.0
151,코웨이(주),21240,2020/06,3027963172.0,194651731.0,1715897115.0,903458369.0,1505946779.0,8401318.0,0.0,1574440842.0,297857687.0,77378824.0,220478862.0
152,쿠쿠홈시스(주),284740,2020/06,668255317.0,28182886.0,162577128.0,248046620.0,136484236.0,4679619.0,0.0,374954536.0,67549046.0,15821240.0,51727806.0
153,키움증권(주),39490,2020/06,,,,,,,,,,,
154,태광산업(주),3240,2020/06,4051523883.0,362000517.0,713369663.0,1702339298.0,356638858.0,51674000.0,0.0,914584077.0,229861328.0,122945631.0,110033329.0
155,티케이지휴켐스(주),69260,2020/06,831023285.0,23121625.0,158993672.0,357222889.0,69931778.0,1420756.0,0.0,304380175.0,48274531.0,14469080.0,33805450.0
156,팬오션(주),28670,2020/06,4802987000.0,263338000.0,1745502000.0,710721000.0,686727000.0,0.0,0.0,1242213000.0,62542000.0,297000.0,62245000.0
157,포스코홀딩스(주),5490,2020/06,82111847075.0,6038265565.0,34518701526.0,37746123328.0,18265630956.0,3696167000.0,0.0,28267367242.0,794549117.0,255022948.0,539526170.0
158,피아이첨단소재(주),178920,2020/06,,,,,,,,,,,
159,하이트진로(주),80,2020/06,4300673247.0,1154904684.0,3239339220.0,1828075767.0,2416011306.0,38777341.0,0.0,1115450328.0,93670635.0,25442699.0,68227936.0
160,한국가스공사(주),36460,2020/06,37597569358.0,484215149.0,29595738551.0,7950112441.0,6799376477.0,2375049355.0,0.0,12062360569.0,52559038.0,10776477.0,41782560.0
161,한국앤컴퍼니(주),240,2020/06,3710976028.0,173807735.0,303973936.0,565307145.0,191244403.0,35080150.0,0.0,370838611.0,56026821.0,12090910.0,43935911.0
162,한국전력공사(주),15760,2020/06,201225213000.0,1747240000.0,132265182000.0,20211856000.0,23327212000.0,3778712000.0,0.0,28165660000.0,362706000.0,106246000.0,256460000.0
163,한국전력기술(주),52690,2020/06,699600378.0,59303661.0,221742435.0,228517194.0,191285895.0,0.0,0.0,177951731.0,2922309.0,585687.0,2336622.0
164,한국콜마(주),161890,2020/06,2320687312.0,75906994.0,1460552711.0,584275877.0,501676893.0,69349321.0,0.0,655502597.0,23984180.0,10874510.0,20321413.0
165,한국타이어앤테크놀로지(주),161390,2020/06,10889101148.0,1258972798.0,3633294699.0,4789175048.0,2073689279.0,311567542.0,0.0,2800177886.0,203965124.0,110913911.0,93051213.0
166,한국투자금융지주(주),71050,2020/06,,,,,,,,,,,
167,한국항공우주산업(주),47810,2020/06,5299698853.0,938676035.0,4033273781.0,3483200582.0,2929010285.0,466487692.0,0.0,1548834631.0,150691101.0,29460076.0,121231024.0
168,한미사이언스(주),8930,2020/06,907734166.0,14304575.0,259129867.0,211270234.0,240332711.0,27000.0,0.0,422859748.0,17060533.0,2619994.0,14440539.0
169,한미약품(주),128940,2020/06,1973036077.0,112565414.0,1138903836.0,703059642.0,602966928.0,108468791.0,0.0,531612338.0,26955411.0,9649187.0,17306224.0
170,한세실업(주),105630,2020/06,1242119738.0,77995495.0,816959195.0,830978750.0,697488229.0,163392539.0,0.0,847698634.0,-10237574.0,72902.0,-10310476.0
171,한온시스템(주),18880,2020/06,7086205859.0,580028403.0,4831524870.0,2752717735.0,2129900164.0,426502049.0,0.0,2870238046.0,-35676843.0,-8519630.0,-27157213.0
172,한올바이오파마(주),9420,2020/06,197551394.0,9442422.0,40776989.0,129040241.0,21216163.0,3148687.0,0.0,44697685.0,9582468.0,-191158.0,9773626.0
173,한일시멘트(주),300720,2020/06,,,,,,,,,,,
174,한전케이피에스(주),51600,2020/06,1315791739.0,52320857.0,262938112.0,744165123.0,210251088.0,0.0,0.0,579088037.0,84444128.0,18903900.0,65540228.0
175,한화생명보험(주),88350,2020/06,,,,,,,,,,,
176,한화솔루션(주),9830,2020/06,16353379052.0,1942584558.0,10307426996.0,5612897789.0,5909479606.0,259734758.0,0.0,4204782518.0,262456271.0,36148947.0,211327854.0
177,한화시스템(주),272210,2020/06,2745953484.0,592714162.0,1788601385.0,1800508151.0,1464981026.0,62750470.0,0.0,605311458.0,28569995.0,5967575.0,22602421.0
178,한화에어로스페이스(주),12450,2020/06,9710098693.0,1251854222.0,6852647905.0,5460472366.0,4162532549.0,524614771.0,0.0,2220082228.0,51577809.0,18404924.0,33172885.0
179,현대건설(주),720,2020/06,18793593000.0,3355243000.0,9982934000.0,14393321000.0,7162926000.0,23285000.0,166410000.0,8603014000.0,395422000.0,129455000.0,265967000.0
180,현대글로비스(주),86280,2020/06,9575330184.0,1632625280.0,4806259651.0,4619860376.0,2361078232.0,0.0,0.0,7972741597.0,362162320.0,86577691.0,275584629.0
181,현대로템(주),64350,2020/06,4116061951.0,537057975.0,3013710448.0,2700210821.0,2120894887.0,187358668.0,0.0,1327089672.0,17713735.0,652221.0,17061513.0
182,현대모비스(주),12330,2020/06,46738194000.0,4147351000.0,13877503000.0,21022130000.0,8559345000.0,732859000.0,0.0,15958509000.0,761633000.0,178097000.0,583536000.0
183,현대엘리베이터(주),17800,2020/06,2516760538.0,435686019.0,1644693674.0,1153636046.0,942203393.0,15930606.0,0.0,861348083.0,49361883.0,17666504.0,31695379.0
184,현대위아(주),11210,2020/06,6598707000.0,380260000.0,3484012000.0,3450496000.0,1682992000.0,271963000.0,0.0,2861420000.0,74584000.0,46476000.0,28108000.0
185,현대자동차(주),5380,2020/06,201804520000.0,10883777000.0,125756385000.0,48833908000.0,54213858000.0,2084588000.0,0.0,47178439000.0,1320534000.0,390582000.0,929952000.0
186,현대제철(주),4020,2020/06,34057275356.0,1565611075.0,17342138837.0,9975976634.0,6366323646.0,1250082316.0,0.0,8781245137.0,-154809345.0,-26431453.0,-128377892.0
187,현대해상화재보험(주),1450,2020/06,,,,,,,,,,,
188,효성첨단소재(주),298050,2020/06,2456271949.0,68752933.0,2088061871.0,852681247.0,1755769741.0,144454000.0,0.0,1065381922.0,-45257166.0,-13602952.0,-31654214.0
189,효성티앤씨(주),298020,2020/06,3026752068.0,158618370.0,2452847789.0,1332319790.0,1931310973.0,116624000.0,0.0,2393601226.0,17954062.0,11200713.0,6753349.0
